{"type":"FeatureCollection","features":[{"type":"Feature","geometry":{"type":"Polygon","coordinates":[[[80.270169,41.223663],[80.269408,41.22366],[80.268646,41.223652],[80.267885,41.223638],[80.267123,41.223619],[80.266363,41.223595],[80.265602,41.223565],[80.264842,41.22353],[80.264082,41.22349],[80.263323,41.223444],[80.262564,41.223393],[80.261807,41.223336],[80.261049,41.223274],[80.260293,41.223207],[80.259538,41.223134],[80.258783,41.223056],[80.25803,41.222973],[80.257277,41.222884],[80.256526,41.22279],[80.255776,41.222691],[80.255027,41.222586],[80.25428,41.222477],[80.253534,41.222361],[80.252789,41.222241],[80.252046,41.222115],[80.251305,41.221984],[80.250565,41.221848],[80.249827,41.221706],[80.249091,41.221559],[80.248357,41.221407],[80.247624,41.22125],[80.246894,41.221088],[80.246165,41.220921],[80.245439,41.220748],[80.244715,41.22057],[80.243994,41.220387],[80.243274,41.220199],[80.242557,41.220006],[80.241843,41.219808],[80.241131,41.219605],[80.240421,41.219396],[80.239714,41.219183],[80.23901,41.218965],[80.238309,41.218741],[80.23761,41.218513],[80.236915,41.21828],[80.236222,41.218042],[80.235532,41.217799],[80.234845,41.217551],[80.234162,41.217298],[80.233482,41.217041],[80.232805,41.216778],[80.232131,41.216511],[80.231461,41.216239],[80.230794,41.215963],[80.23013,41.215681],[80.22947,41.215395],[80.228814,41.215105],[80.228162,41.214809],[80.227513,41.214509],[80.226868,41.214205],[80.226227,41.213896],[80.225589,41.213582],[80.224956,41.213264],[80.224326,41.212941],[80.223701,41.212614],[80.22308,41.212283],[80.222463,41.211947],[80.22185,41.211606],[80.221242,41.211262],[80.220638,41.210913],[80.220038,41.21056],[80.219443,41.210202],[80.218852,41.209841],[80.218266,41.209475],[80.217684,41.209105],[80.217107,41.208731],[80.216535,41.208353],[80.215967,41.207971],[80.215405,41.207585],[80.214847,41.207195],[80.214294,41.206801],[80.213746,41.206403],[80.213203,41.206001],[80.212665,41.205595],[80.212132,41.205186],[80.211605,41.204773],[80.211082,41.204356],[80.210565,41.203935],[80.210053,41.203511],[80.209547,41.203083],[80.209045,41.202652],[80.20855,41.202217],[80.208059,41.201778],[80.207574,41.201336],[80.207095,41.200891],[80.206622,41.200442],[80.206154,41.19999],[80.205691,41.199535],[80.205235,41.199076],[80.204784,41.198614],[80.204339,41.198149],[80.2039,41.197681],[80.203466,41.19721],[80.203039,41.196736],[80.202617,41.196258],[80.202202,41.195778],[80.201793,41.195295],[80.201389,41.194809],[80.200992,41.19432],[80.200601,41.193828],[80.200216,41.193333],[80.199837,41.192836],[80.199465,41.192336],[80.199099,41.191834],[80.198739,41.191329],[80.198385,41.190821],[80.198038,41.190311],[80.197697,41.189798],[80.197363,41.189283],[80.197035,41.188766],[80.196713,41.188247],[80.196399,41.187725],[80.19609,41.187201],[80.195788,41.186674],[80.195493,41.186146],[80.195205,41.185616],[80.194923,41.185083],[80.194648,41.184549],[80.194379,41.184012],[80.194117,41.183474],[80.193862,41.182934],[80.193614,41.182392],[80.193372,41.181849],[80.193138,41.181303],[80.19291,41.180756],[80.192689,41.180208],[80.192475,41.179658],[80.192268,41.179106],[80.192067,41.178553],[80.191874,41.177999],[80.191688,41.177443],[80.191508,41.176886],[80.191336,41.176327],[80.19117,41.175768],[80.191012,41.175207],[80.19086,41.174645],[80.190716,41.174082],[80.190579,41.173519],[80.190448,41.172954],[80.190325,41.172388],[80.190209,41.171821],[80.1901,41.171254],[80.189998,41.170686],[80.189903,41.170117],[80.189816,41.169548],[80.189735,41.168978],[80.189662,41.168407],[80.189595,41.167836],[80.189536,41.167264],[80.189484,41.166692],[80.189439,41.16612],[80.189402,41.165547],[80.189371,41.164974],[80.189348,41.164401],[80.189332,41.163828],[80.189323,41.163255],[80.189321,41.162681],[80.189326,41.162108],[80.189339,41.161535],[80.189359,41.160962],[80.189386,41.160389],[80.18942,41.159816],[80.189461,41.159243],[80.189509,41.158671],[80.189565,41.158099],[80.189628,41.157528],[80.189697,41.156957],[80.189774,41.156386],[80.189858,41.155816],[80.18995,41.155247],[80.190048,41.154678],[80.190154,41.15411],[80.190266,41.153543],[80.190386,41.152977],[80.190513,41.152411],[80.190646,41.151847],[80.190787,41.151283],[80.190935,41.150721],[80.19109,41.150159],[80.191252,41.149599],[80.191421,41.14904],[80.191597,41.148482],[80.19178,41.147925],[80.19197,41.14737],[80.192167,41.146816],[80.19237,41.146263],[80.192581,41.145712],[80.192799,41.145162],[80.193023,41.144614],[80.193254,41.144068],[80.193492,41.143523],[80.193737,41.14298],[80.193989,41.142439],[80.194247,41.141899],[80.194512,41.141362],[80.194784,41.140826],[80.195063,41.140292],[80.195348,41.13976],[80.19564,41.13923],[80.195938,41.138703],[80.196244,41.138177],[80.196555,41.137654],[80.196873,41.137133],[80.197198,41.136614],[80.197529,41.136097],[80.197867,41.135583],[80.198211,41.135071],[80.198561,41.134562],[80.198918,41.134055],[80.199281,41.133551],[80.19965,41.133049],[80.200026,41.13255],[80.200408,41.132054],[80.200796,41.13156],[80.20119,41.13107],[80.20159,41.130582],[80.201997,41.130096],[80.202409,41.129614],[80.202827,41.129135],[80.203252,41.128659],[80.203682,41.128185],[80.204118,41.127715],[80.204561,41.127248],[80.205009,41.126784],[80.205462,41.126323],[80.205922,41.125866],[80.206387,41.125411],[80.206858,41.124961],[80.207334,41.124513],[80.207816,41.124069],[80.208304,41.123628],[80.208797,41.123191],[80.209295,41.122757],[80.209799,41.122327],[80.210308,41.1219],[80.210823,41.121477],[80.211343,41.121058],[80.211868,41.120642],[80.212398,41.120231],[80.212933,41.119823],[80.213474,41.119418],[80.214019,41.119018],[80.21457,41.118621],[80.215125,41.118229],[80.215685,41.11784],[80.21625,41.117455],[80.21682,41.117075],[80.217395,41.116698],[80.217974,41.116326],[80.218558,41.115957],[80.219147,41.115593],[80.21974,41.115233],[80.220337,41.114877],[80.220939,41.114526],[80.221545,41.114179],[80.222156,41.113836],[80.222771,41.113497],[80.22339,41.113163],[80.224013,41.112833],[80.224641,41.112508],[80.225272,41.112187],[80.225907,41.111871],[80.226547,41.111559],[80.22719,41.111251],[80.227837,41.110949],[80.228487,41.11065],[80.229142,41.110357],[80.2298,41.110068],[80.230462,41.109784],[80.231127,41.109504],[80.231795,41.10923],[80.232467,41.10896],[80.233143,41.108694],[80.233821,41.108434],[80.234503,41.108179],[80.235188,41.107928],[80.235877,41.107682],[80.236568,41.107441],[80.237262,41.107205],[80.237959,41.106974],[80.238659,41.106748],[80.239362,41.106527],[80.240067,41.10631],[80.240775,41.106099],[80.241486,41.105893],[80.2422,41.105692],[80.242915,41.105496],[80.243634,41.105305],[80.244354,41.105119],[80.245077,41.104939],[80.245802,41.104763],[80.246529,41.104593],[80.247259,41.104428],[80.24799,41.104268],[80.248723,41.104113],[80.249459,41.103963],[80.250196,41.103819],[80.250935,41.10368],[80.251675,41.103546],[80.252417,41.103417],[80.253161,41.103294],[80.253907,41.103176],[80.254653,41.103063],[80.255401,41.102955],[80.256151,41.102853],[80.256901,41.102756],[80.257653,41.102665],[80.258406,41.102579],[80.25916,41.102498],[80.259915,41.102422],[80.260671,41.102352],[80.261428,41.102288],[80.262185,41.102228],[80.262944,41.102174],[80.263702,41.102126],[80.264462,41.102082],[80.265222,41.102045],[80.265982,41.102012],[80.266743,41.101985],[80.267504,41.101963],[80.268265,41.101947],[80.269027,41.101936],[80.269788,41.101931],[80.27055,41.101931],[80.271312,41.101936],[80.272073,41.101947],[80.272834,41.101963],[80.273595,41.101985],[80.274356,41.102012],[80.275116,41.102045],[80.275876,41.102082],[80.276636,41.102126],[80.277395,41.102174],[80.278153,41.102228],[80.27891,41.102288],[80.279667,41.102352],[80.280423,41.102422],[80.281178,41.102498],[80.281932,41.102579],[80.282685,41.102665],[80.283437,41.102756],[80.284187,41.102853],[80.284937,41.102955],[80.285685,41.103063],[80.286432,41.103176],[80.287177,41.103294],[80.287921,41.103417],[80.288663,41.103546],[80.289404,41.10368],[80.290143,41.103819],[80.29088,41.103963],[80.291615,41.104113],[80.292348,41.104268],[80.29308,41.104428],[80.293809,41.104593],[80.294536,41.104763],[80.295261,41.104939],[80.295984,41.105119],[80.296705,41.105305],[80.297423,41.105496],[80.298139,41.105692],[80.298852,41.105893],[80.299563,41.106099],[80.300271,41.10631],[80.300977,41.106527],[80.301679,41.106748],[80.302379,41.106974],[80.303076,41.107205],[80.303771,41.107441],[80.304462,41.107682],[80.30515,41.107928],[80.305835,41.108179],[80.306517,41.108434],[80.307196,41.108694],[80.307871,41.10896],[80.308543,41.10923],[80.309212,41.109504],[80.309877,41.109784],[80.310538,41.110068],[80.311196,41.110357],[80.311851,41.11065],[80.312502,41.110949],[80.313149,41.111251],[80.313792,41.111559],[80.314431,41.111871],[80.315066,41.112187],[80.315698,41.112508],[80.316325,41.112833],[80.316948,41.113163],[80.317567,41.113497],[80.318182,41.113836],[80.318793,41.114179],[80.319399,41.114526],[80.320001,41.114877],[80.320599,41.115233],[80.321192,41.115593],[80.32178,41.115957],[80.322364,41.116326],[80.322943,41.116698],[80.323518,41.117075],[80.324088,41.117455],[80.324653,41.11784],[80.325213,41.118229],[80.325769,41.118621],[80.326319,41.119018],[80.326864,41.119418],[80.327405,41.119823],[80.32794,41.120231],[80.32847,41.120642],[80.328995,41.121058],[80.329515,41.121477],[80.33003,41.1219],[80.330539,41.122327],[80.331043,41.122757],[80.331542,41.123191],[80.332035,41.123628],[80.332522,41.124069],[80.333004,41.124513],[80.333481,41.124961],[80.333951,41.125411],[80.334417,41.125866],[80.334876,41.126323],[80.33533,41.126784],[80.335778,41.127248],[80.33622,41.127715],[80.336656,41.128185],[80.337086,41.128659],[80.337511,41.129135],[80.337929,41.129614],[80.338342,41.130096],[80.338748,41.130582],[80.339148,41.13107],[80.339543,41.13156],[80.339931,41.132054],[80.340312,41.13255],[80.340688,41.133049],[80.341057,41.133551],[80.341421,41.134055],[80.341777,41.134562],[80.342128,41.135071],[80.342472,41.135583],[80.342809,41.136097],[80.34314,41.136614],[80.343465,41.137133],[80.343783,41.137654],[80.344095,41.138177],[80.3444,41.138703],[80.344698,41.13923],[80.34499,41.13976],[80.345275,41.140292],[80.345554,41.140826],[80.345826,41.141362],[80.346091,41.141899],[80.346349,41.142439],[80.346601,41.14298],[80.346846,41.143523],[80.347084,41.144068],[80.347315,41.144614],[80.34754,41.145162],[80.347757,41.145712],[80.347968,41.146263],[80.348172,41.146816],[80.348368,41.14737],[80.348558,41.147925],[80.348741,41.148482],[80.348917,41.14904],[80.349086,41.149599],[80.349248,41.150159],[80.349403,41.150721],[80.349551,41.151283],[80.349692,41.151847],[80.349826,41.152411],[80.349952,41.152977],[80.350072,41.153543],[80.350185,41.15411],[80.35029,41.154678],[80.350389,41.155247],[80.35048,41.155816],[80.350564,41.156386],[80.350641,41.156957],[80.350711,41.157528],[80.350774,41.158099],[80.350829,41.158671],[80.350877,41.159243],[80.350919,41.159816],[80.350953,41.160389],[80.35098,41.160962],[80.350999,41.161535],[80.351012,41.162108],[80.351017,41.162681],[80.351016,41.163255],[80.351007,41.163828],[80.35099,41.164401],[80.350967,41.164974],[80.350937,41.165547],[80.350899,41.16612],[80.350854,41.166692],[80.350802,41.167264],[80.350743,41.167836],[80.350677,41.168407],[80.350603,41.168978],[80.350523,41.169548],[80.350435,41.170117],[80.35034,41.170686],[80.350238,41.171254],[80.350129,41.171821],[80.350013,41.172388],[80.34989,41.172954],[80.34976,41.173519],[80.349622,41.174082],[80.349478,41.174645],[80.349327,41.175207],[80.349168,41.175768],[80.349003,41.176327],[80.34883,41.176886],[80.348651,41.177443],[80.348464,41.177999],[80.348271,41.178553],[80.348071,41.179106],[80.347863,41.179658],[80.347649,41.180208],[80.347428,41.180756],[80.347201,41.181303],[80.346966,41.181849],[80.346724,41.182392],[80.346476,41.182934],[80.346221,41.183474],[80.345959,41.184012],[80.345691,41.184549],[80.345416,41.185083],[80.345134,41.185616],[80.344845,41.186146],[80.34455,41.186674],[80.344248,41.187201],[80.34394,41.187725],[80.343625,41.188247],[80.343303,41.188766],[80.342976,41.189283],[80.342641,41.189798],[80.3423,41.190311],[80.341953,41.190821],[80.3416,41.191329],[80.34124,41.191834],[80.340874,41.192336],[80.340501,41.192836],[80.340122,41.193333],[80.339737,41.193828],[80.339346,41.19432],[80.338949,41.194809],[80.338546,41.195295],[80.338136,41.195778],[80.337721,41.196258],[80.337299,41.196736],[80.336872,41.19721],[80.336439,41.197681],[80.336,41.198149],[80.335554,41.198614],[80.335104,41.199076],[80.334647,41.199535],[80.334185,41.19999],[80.333717,41.200442],[80.333243,41.200891],[80.332764,41.201336],[80.332279,41.201778],[80.331789,41.202217],[80.331293,41.202652],[80.330792,41.203083],[80.330285,41.203511],[80.329773,41.203935],[80.329256,41.204356],[80.328734,41.204773],[80.328206,41.205186],[80.327673,41.205595],[80.327135,41.206001],[80.326592,41.206403],[80.326044,41.206801],[80.325491,41.207195],[80.324934,41.207585],[80.324371,41.207971],[80.323803,41.208353],[80.323231,41.208731],[80.322654,41.209105],[80.322073,41.209475],[80.321486,41.209841],[80.320896,41.210202],[80.3203,41.21056],[80.319701,41.210913],[80.319097,41.211262],[80.318488,41.211606],[80.317875,41.211947],[80.317258,41.212283],[80.316637,41.212614],[80.316012,41.212941],[80.315383,41.213264],[80.314749,41.213582],[80.314112,41.213896],[80.313471,41.214205],[80.312826,41.214509],[80.312177,41.214809],[80.311524,41.215105],[80.310868,41.215395],[80.310208,41.215681],[80.309545,41.215963],[80.308878,41.216239],[80.308207,41.216511],[80.307534,41.216778],[80.306857,41.217041],[80.306176,41.217298],[80.305493,41.217551],[80.304806,41.217799],[80.304117,41.218042],[80.303424,41.21828],[80.302728,41.218513],[80.30203,41.218741],[80.301328,41.218965],[80.300624,41.219183],[80.299917,41.219396],[80.299208,41.219605],[80.298496,41.219808],[80.297781,41.220006],[80.297064,41.220199],[80.296345,41.220387],[80.295623,41.22057],[80.294899,41.220748],[80.294173,41.220921],[80.293445,41.221088],[80.292714,41.22125],[80.291982,41.221407],[80.291247,41.221559],[80.290511,41.221706],[80.289773,41.221848],[80.289034,41.221984],[80.288292,41.222115],[80.287549,41.222241],[80.286805,41.222361],[80.286059,41.222477],[80.285311,41.222586],[80.284562,41.222691],[80.283812,41.22279],[80.283061,41.222884],[80.282309,41.222973],[80.281555,41.223056],[80.280801,41.223134],[80.280045,41.223207],[80.279289,41.223274],[80.278532,41.223336],[80.277774,41.223393],[80.277015,41.223444],[80.276256,41.22349],[80.275496,41.22353],[80.274736,41.223565],[80.273976,41.223595],[80.273215,41.223619],[80.272454,41.223638],[80.271692,41.223652],[80.270931,41.22366],[80.270169,41.223663]]]},"properties":{"name":"阿克苏市","time":"2018.01.08 00:00-2020.01.08 24:00"}},{"type":"Feature","geometry":{"type":"Polygon","coordinates":[[[120.156821,30.233045],[120.156717,30.233042],[120.156613,30.233032],[120.15651,30.233017],[120.156409,30.232996],[120.156309,30.232968],[120.156212,30.232935],[120.156118,30.232897],[120.156027,30.232853],[120.15594,30.232803],[120.155857,30.232749],[120.155778,30.23269],[120.155705,30.232626],[120.155636,30.232558],[120.155573,30.232486],[120.155516,30.232411],[120.155465,30.232332],[120.15542,30.232251],[120.155382,30.232167],[120.15535,30.232081],[120.155326,30.231994],[120.155308,30.231905],[120.155297,30.231815],[120.155294,30.231725],[120.155297,30.231635],[120.155308,30.231546],[120.155326,30.231457],[120.15535,30.231369],[120.155382,30.231283],[120.15542,30.2312],[120.155465,30.231118],[120.155516,30.23104],[120.155573,30.230964],[120.155636,30.230893],[120.155705,30.230825],[120.155778,30.230761],[120.155857,30.230702],[120.15594,30.230647],[120.156027,30.230598],[120.156118,30.230554],[120.156212,30.230515],[120.156309,30.230482],[120.156409,30.230455],[120.15651,30.230433],[120.156613,30.230418],[120.156717,30.230409],[120.156821,30.230406],[120.156925,30.230409],[120.157029,30.230418],[120.157131,30.230433],[120.157233,30.230455],[120.157332,30.230482],[120.157429,30.230515],[120.157523,30.230554],[120.157614,30.230598],[120.157701,30.230647],[120.157784,30.230702],[120.157863,30.230761],[120.157937,30.230825],[120.158005,30.230893],[120.158068,30.230964],[120.158126,30.23104],[120.158177,30.231118],[120.158221,30.2312],[120.15826,30.231283],[120.158291,30.231369],[120.158316,30.231457],[120.158334,30.231546],[120.158344,30.231635],[120.158348,30.231725],[120.158344,30.231815],[120.158334,30.231905],[120.158316,30.231994],[120.158291,30.232081],[120.15826,30.232167],[120.158221,30.232251],[120.158177,30.232332],[120.158126,30.232411],[120.158068,30.232486],[120.158005,30.232558],[120.157937,30.232626],[120.157863,30.23269],[120.157784,30.232749],[120.157701,30.232803],[120.157614,30.232853],[120.157523,30.232897],[120.157429,30.232935],[120.157332,30.232968],[120.157233,30.232996],[120.157131,30.233017],[120.157029,30.233032],[120.156925,30.233042],[120.156821,30.233045]]]},"properties":{"name":"浙江美术馆","time":"2018.01.08 00:00-2020.01.08 24:00"}},{"type":"Feature","geometry":{"type":"Polygon","coordinates":[[[81.333166,43.984448],[81.332324,43.984445],[81.331481,43.984437],[81.330639,43.984424],[81.329797,43.984406],[81.328955,43.984383],[81.328114,43.984355],[81.327273,43.984321],[81.326432,43.984282],[81.325592,43.984238],[81.324752,43.984189],[81.323913,43.984135],[81.323074,43.984076],[81.322237,43.984011],[81.3214,43.983942],[81.320564,43.983867],[81.319729,43.983787],[81.318895,43.983702],[81.318062,43.983612],[81.31723,43.983517],[81.316399,43.983416],[81.315569,43.983311],[81.314741,43.983201],[81.313914,43.983085],[81.313088,43.982964],[81.312264,43.982839],[81.311442,43.982708],[81.310621,43.982572],[81.309801,43.982431],[81.308984,43.982286],[81.308168,43.982135],[81.307354,43.981979],[81.306541,43.981818],[81.305731,43.981652],[81.304923,43.981481],[81.304117,43.981306],[81.303312,43.981125],[81.30251,43.980939],[81.301711,43.980749],[81.300913,43.980553],[81.300118,43.980353],[81.299325,43.980148],[81.298535,43.979938],[81.297747,43.979723],[81.296962,43.979503],[81.29618,43.979279],[81.2954,43.97905],[81.294623,43.978816],[81.293849,43.978577],[81.293077,43.978333],[81.292309,43.978085],[81.291543,43.977832],[81.290781,43.977574],[81.290021,43.977312],[81.289265,43.977045],[81.288512,43.976773],[81.287762,43.976497],[81.287015,43.976216],[81.286272,43.975931],[81.285532,43.975641],[81.284796,43.975346],[81.284063,43.975047],[81.283334,43.974744],[81.282608,43.974436],[81.281886,43.974123],[81.281168,43.973806],[81.280453,43.973485],[81.279743,43.97316],[81.279036,43.97283],[81.278333,43.972495],[81.277634,43.972157],[81.27694,43.971814],[81.276249,43.971467],[81.275562,43.971116],[81.27488,43.97076],[81.274202,43.9704],[81.273528,43.970036],[81.272858,43.969668],[81.272193,43.969296],[81.271533,43.96892],[81.270876,43.96854],[81.270225,43.968156],[81.269577,43.967768],[81.268935,43.967375],[81.268297,43.966979],[81.267664,43.966579],[81.267036,43.966176],[81.266412,43.965768],[81.265793,43.965356],[81.26518,43.964941],[81.264571,43.964522],[81.263967,43.964099],[81.263368,43.963673],[81.262774,43.963243],[81.262186,43.962809],[81.261602,43.962371],[81.261024,43.961931],[81.260451,43.961486],[81.259883,43.961038],[81.25932,43.960587],[81.258763,43.960132],[81.258212,43.959673],[81.257665,43.959212],[81.257125,43.958747],[81.25659,43.958279],[81.25606,43.957807],[81.255536,43.957332],[81.255017,43.956854],[81.254505,43.956373],[81.253998,43.955889],[81.253496,43.955401],[81.253001,43.954911],[81.252511,43.954417],[81.252028,43.953921],[81.25155,43.953421],[81.251078,43.952919],[81.250612,43.952414],[81.250152,43.951906],[81.249698,43.951395],[81.24925,43.950881],[81.248808,43.950365],[81.248373,43.949845],[81.247943,43.949324],[81.24752,43.948799],[81.247103,43.948272],[81.246692,43.947743],[81.246287,43.947211],[81.245889,43.946676],[81.245497,43.946139],[81.245112,43.9456],[81.244733,43.945058],[81.24436,43.944514],[81.243994,43.943968],[81.243634,43.94342],[81.243281,43.942869],[81.242934,43.942316],[81.242594,43.941761],[81.242261,43.941204],[81.241934,43.940645],[81.241613,43.940084],[81.2413,43.939521],[81.240993,43.938956],[81.240692,43.938389],[81.240399,43.937821],[81.240112,43.93725],[81.239832,43.936678],[81.239559,43.936104],[81.239292,43.935529],[81.239033,43.934952],[81.23878,43.934373],[81.238534,43.933793],[81.238295,43.933211],[81.238063,43.932628],[81.237837,43.932043],[81.237619,43.931457],[81.237408,43.93087],[81.237203,43.930282],[81.237006,43.929692],[81.236815,43.929101],[81.236632,43.928509],[81.236456,43.927915],[81.236286,43.927321],[81.236124,43.926726],[81.235968,43.926129],[81.23582,43.925532],[81.235679,43.924934],[81.235545,43.924335],[81.235418,43.923735],[81.235298,43.923134],[81.235185,43.922533],[81.23508,43.921931],[81.234981,43.921328],[81.23489,43.920725],[81.234805,43.920121],[81.234728,43.919517],[81.234658,43.918913],[81.234596,43.918307],[81.23454,43.917702],[81.234492,43.917096],[81.23445,43.91649],[81.234416,43.915884],[81.234389,43.915277],[81.23437,43.91467],[81.234357,43.914064],[81.234352,43.913457],[81.234353,43.91285],[81.234362,43.912243],[81.234378,43.911636],[81.234402,43.91103],[81.234432,43.910423],[81.23447,43.909817],[81.234515,43.909211],[81.234567,43.908605],[81.234626,43.907999],[81.234693,43.907394],[81.234766,43.90679],[81.234847,43.906186],[81.234935,43.905582],[81.235029,43.904979],[81.235132,43.904376],[81.235241,43.903775],[81.235357,43.903173],[81.235481,43.902573],[81.235611,43.901973],[81.235749,43.901374],[81.235893,43.900777],[81.236045,43.900179],[81.236204,43.899583],[81.23637,43.898988],[81.236543,43.898394],[81.236723,43.897801],[81.23691,43.897209],[81.237104,43.896618],[81.237305,43.896029],[81.237513,43.895441],[81.237727,43.894854],[81.237949,43.894268],[81.238178,43.893684],[81.238414,43.893101],[81.238656,43.892519],[81.238905,43.89194],[81.239162,43.891361],[81.239425,43.890784],[81.239695,43.890209],[81.239971,43.889636],[81.240255,43.889064],[81.240545,43.888494],[81.240842,43.887926],[81.241145,43.88736],[81.241456,43.886795],[81.241773,43.886233],[81.242096,43.885672],[81.242427,43.885114],[81.242763,43.884557],[81.243107,43.884003],[81.243457,43.88345],[81.243813,43.8829],[81.244176,43.882352],[81.244546,43.881807],[81.244922,43.881263],[81.245304,43.880722],[81.245693,43.880183],[81.246088,43.879647],[81.246489,43.879113],[81.246897,43.878582],[81.247311,43.878053],[81.247731,43.877527],[81.248157,43.877003],[81.24859,43.876482],[81.249028,43.875963],[81.249473,43.875448],[81.249924,43.874935],[81.250381,43.874425],[81.250844,43.873917],[81.251313,43.873413],[81.251788,43.872911],[81.252269,43.872413],[81.252755,43.871917],[81.253248,43.871424],[81.253746,43.870934],[81.254251,43.870448],[81.25476,43.869964],[81.255276,43.869484],[81.255797,43.869007],[81.256324,43.868533],[81.256856,43.868062],[81.257394,43.867595],[81.257938,43.867131],[81.258487,43.86667],[81.259041,43.866213],[81.259601,43.865759],[81.260166,43.865309],[81.260737,43.864862],[81.261312,43.864418],[81.261893,43.863978],[81.262479,43.863542],[81.26307,43.86311],[81.263667,43.86268],[81.264268,43.862255],[81.264875,43.861833],[81.265486,43.861416],[81.266102,43.861001],[81.266723,43.860591],[81.267349,43.860185],[81.26798,43.859782],[81.268615,43.859383],[81.269256,43.858988],[81.2699,43.858597],[81.27055,43.858211],[81.271204,43.857828],[81.271862,43.857449],[81.272525,43.857074],[81.273193,43.856703],[81.273864,43.856337],[81.27454,43.855974],[81.275221,43.855616],[81.275905,43.855262],[81.276594,43.854912],[81.277286,43.854566],[81.277983,43.854225],[81.278684,43.853888],[81.279389,43.853555],[81.280098,43.853226],[81.28081,43.852902],[81.281527,43.852583],[81.282247,43.852267],[81.28297,43.851957],[81.283698,43.85165],[81.284429,43.851348],[81.285164,43.851051],[81.285902,43.850758],[81.286643,43.85047],[81.287388,43.850186],[81.288136,43.849907],[81.288888,43.849632],[81.289643,43.849362],[81.2904,43.849097],[81.291161,43.848837],[81.291925,43.848581],[81.292692,43.84833],[81.293462,43.848083],[81.294235,43.847841],[81.295011,43.847604],[81.29579,43.847372],[81.296571,43.847145],[81.297355,43.846922],[81.298141,43.846704],[81.29893,43.846491],[81.299721,43.846283],[81.300515,43.84608],[81.301312,43.845882],[81.30211,43.845688],[81.302911,43.8455],[81.303714,43.845316],[81.304519,43.845138],[81.305327,43.844964],[81.306136,43.844795],[81.306947,43.844632],[81.30776,43.844473],[81.308575,43.844319],[81.309392,43.844171],[81.310211,43.844027],[81.311031,43.843888],[81.311853,43.843755],[81.312676,43.843626],[81.313501,43.843503],[81.314327,43.843384],[81.315155,43.843271],[81.315984,43.843163],[81.316814,43.84306],[81.317646,43.842962],[81.318478,43.842869],[81.319312,43.842781],[81.320146,43.842699],[81.320982,43.842621],[81.321818,43.842549],[81.322656,43.842482],[81.323494,43.84242],[81.324332,43.842363],[81.325172,43.842311],[81.326012,43.842264],[81.326852,43.842223],[81.327693,43.842187],[81.328534,43.842156],[81.329376,43.84213],[81.330218,43.842109],[81.33106,43.842093],[81.331902,43.842083],[81.332745,43.842078],[81.333587,43.842078],[81.33443,43.842083],[81.335272,43.842093],[81.336114,43.842109],[81.336956,43.84213],[81.337798,43.842156],[81.338639,43.842187],[81.33948,43.842223],[81.34032,43.842264],[81.34116,43.842311],[81.342,43.842363],[81.342838,43.84242],[81.343676,43.842482],[81.344514,43.842549],[81.34535,43.842621],[81.346186,43.842699],[81.34702,43.842781],[81.347854,43.842869],[81.348686,43.842962],[81.349518,43.84306],[81.350348,43.843163],[81.351177,43.843271],[81.352005,43.843384],[81.352831,43.843503],[81.353656,43.843626],[81.354479,43.843755],[81.355301,43.843888],[81.356121,43.844027],[81.35694,43.844171],[81.357757,43.844319],[81.358572,43.844473],[81.359385,43.844632],[81.360196,43.844795],[81.361005,43.844964],[81.361813,43.845138],[81.362618,43.845316],[81.363421,43.8455],[81.364222,43.845688],[81.36502,43.845882],[81.365817,43.84608],[81.366611,43.846283],[81.367402,43.846491],[81.368191,43.846704],[81.368977,43.846922],[81.369761,43.847145],[81.370543,43.847372],[81.371321,43.847604],[81.372097,43.847841],[81.37287,43.848083],[81.37364,43.84833],[81.374407,43.848581],[81.375171,43.848837],[81.375932,43.849097],[81.37669,43.849362],[81.377444,43.849632],[81.378196,43.849907],[81.378944,43.850186],[81.379689,43.85047],[81.38043,43.850758],[81.381168,43.851051],[81.381903,43.851348],[81.382634,43.85165],[81.383362,43.851957],[81.384085,43.852267],[81.384806,43.852583],[81.385522,43.852902],[81.386234,43.853226],[81.386943,43.853555],[81.387648,43.853888],[81.388349,43.854225],[81.389046,43.854566],[81.389738,43.854912],[81.390427,43.855262],[81.391111,43.855616],[81.391792,43.855974],[81.392468,43.856337],[81.393139,43.856703],[81.393807,43.857074],[81.39447,43.857449],[81.395128,43.857828],[81.395782,43.858211],[81.396432,43.858597],[81.397076,43.858988],[81.397717,43.859383],[81.398352,43.859782],[81.398983,43.860185],[81.399609,43.860591],[81.40023,43.861001],[81.400846,43.861416],[81.401457,43.861833],[81.402064,43.862255],[81.402665,43.86268],[81.403262,43.86311],[81.403853,43.863542],[81.404439,43.863978],[81.40502,43.864418],[81.405595,43.864862],[81.406166,43.865309],[81.406731,43.865759],[81.407291,43.866213],[81.407845,43.86667],[81.408394,43.867131],[81.408938,43.867595],[81.409476,43.868062],[81.410008,43.868533],[81.410535,43.869007],[81.411056,43.869484],[81.411572,43.869964],[81.412082,43.870448],[81.412586,43.870934],[81.413084,43.871424],[81.413577,43.871917],[81.414063,43.872413],[81.414544,43.872911],[81.415019,43.873413],[81.415488,43.873917],[81.415951,43.874425],[81.416408,43.874935],[81.416859,43.875448],[81.417304,43.875963],[81.417742,43.876482],[81.418175,43.877003],[81.418601,43.877527],[81.419021,43.878053],[81.419435,43.878582],[81.419843,43.879113],[81.420244,43.879647],[81.420639,43.880183],[81.421028,43.880722],[81.42141,43.881263],[81.421786,43.881807],[81.422156,43.882352],[81.422519,43.8829],[81.422875,43.88345],[81.423225,43.884003],[81.423569,43.884557],[81.423905,43.885114],[81.424236,43.885672],[81.424559,43.886233],[81.424876,43.886795],[81.425187,43.88736],[81.42549,43.887926],[81.425787,43.888494],[81.426077,43.889064],[81.426361,43.889636],[81.426637,43.890209],[81.426907,43.890784],[81.42717,43.891361],[81.427427,43.89194],[81.427676,43.892519],[81.427918,43.893101],[81.428154,43.893684],[81.428383,43.894268],[81.428605,43.894854],[81.428819,43.895441],[81.429027,43.896029],[81.429228,43.896618],[81.429422,43.897209],[81.429609,43.897801],[81.429789,43.898394],[81.429962,43.898988],[81.430128,43.899583],[81.430287,43.900179],[81.430439,43.900777],[81.430583,43.901374],[81.430721,43.901973],[81.430851,43.902573],[81.430975,43.903173],[81.431091,43.903775],[81.4312,43.904376],[81.431303,43.904979],[81.431398,43.905582],[81.431485,43.906186],[81.431566,43.90679],[81.43164,43.907394],[81.431706,43.907999],[81.431765,43.908605],[81.431817,43.909211],[81.431862,43.909817],[81.4319,43.910423],[81.43193,43.91103],[81.431954,43.911636],[81.43197,43.912243],[81.431979,43.91285],[81.43198,43.913457],[81.431975,43.914064],[81.431963,43.91467],[81.431943,43.915277],[81.431916,43.915884],[81.431882,43.91649],[81.43184,43.917096],[81.431792,43.917702],[81.431736,43.918307],[81.431674,43.918913],[81.431604,43.919517],[81.431527,43.920121],[81.431442,43.920725],[81.431351,43.921328],[81.431252,43.921931],[81.431147,43.922533],[81.431034,43.923134],[81.430914,43.923735],[81.430787,43.924335],[81.430653,43.924934],[81.430512,43.925532],[81.430364,43.926129],[81.430208,43.926726],[81.430046,43.927321],[81.429876,43.927915],[81.4297,43.928509],[81.429517,43.929101],[81.429326,43.929692],[81.429129,43.930282],[81.428924,43.93087],[81.428713,43.931457],[81.428495,43.932043],[81.428269,43.932628],[81.428037,43.933211],[81.427798,43.933793],[81.427552,43.934373],[81.427299,43.934952],[81.42704,43.935529],[81.426773,43.936104],[81.4265,43.936678],[81.42622,43.93725],[81.425933,43.937821],[81.42564,43.938389],[81.425339,43.938956],[81.425032,43.939521],[81.424719,43.940084],[81.424398,43.940645],[81.424071,43.941204],[81.423738,43.941761],[81.423398,43.942316],[81.423051,43.942869],[81.422698,43.94342],[81.422338,43.943968],[81.421972,43.944514],[81.421599,43.945058],[81.42122,43.9456],[81.420835,43.946139],[81.420443,43.946676],[81.420045,43.947211],[81.41964,43.947743],[81.419229,43.948272],[81.418812,43.948799],[81.418389,43.949324],[81.417959,43.949845],[81.417524,43.950365],[81.417082,43.950881],[81.416634,43.951395],[81.41618,43.951906],[81.41572,43.952414],[81.415254,43.952919],[81.414782,43.953421],[81.414304,43.953921],[81.413821,43.954417],[81.413331,43.954911],[81.412836,43.955401],[81.412334,43.955889],[81.411827,43.956373],[81.411315,43.956854],[81.410796,43.957332],[81.410272,43.957807],[81.409742,43.958279],[81.409207,43.958747],[81.408667,43.959212],[81.40812,43.959673],[81.407569,43.960132],[81.407012,43.960587],[81.406449,43.961038],[81.405881,43.961486],[81.405308,43.961931],[81.40473,43.962371],[81.404146,43.962809],[81.403558,43.963243],[81.402964,43.963673],[81.402365,43.964099],[81.401761,43.964522],[81.401152,43.964941],[81.400539,43.965356],[81.39992,43.965768],[81.399296,43.966176],[81.398668,43.966579],[81.398035,43.966979],[81.397397,43.967375],[81.396755,43.967768],[81.396107,43.968156],[81.395456,43.96854],[81.394799,43.96892],[81.394139,43.969296],[81.393474,43.969668],[81.392804,43.970036],[81.39213,43.9704],[81.391452,43.97076],[81.39077,43.971116],[81.390083,43.971467],[81.389392,43.971814],[81.388698,43.972157],[81.387999,43.972495],[81.387296,43.97283],[81.386589,43.97316],[81.385879,43.973485],[81.385164,43.973806],[81.384446,43.974123],[81.383724,43.974436],[81.382998,43.974744],[81.382269,43.975047],[81.381536,43.975346],[81.3808,43.975641],[81.38006,43.975931],[81.379317,43.976216],[81.37857,43.976497],[81.37782,43.976773],[81.377067,43.977045],[81.376311,43.977312],[81.375552,43.977574],[81.374789,43.977832],[81.374023,43.978085],[81.373255,43.978333],[81.372483,43.978577],[81.371709,43.978816],[81.370932,43.97905],[81.370152,43.979279],[81.36937,43.979503],[81.368585,43.979723],[81.367797,43.979938],[81.367007,43.980148],[81.366214,43.980353],[81.365419,43.980553],[81.364621,43.980749],[81.363822,43.980939],[81.36302,43.981125],[81.362215,43.981306],[81.361409,43.981481],[81.360601,43.981652],[81.359791,43.981818],[81.358978,43.981979],[81.358164,43.982135],[81.357348,43.982286],[81.356531,43.982431],[81.355711,43.982572],[81.35489,43.982708],[81.354068,43.982839],[81.353244,43.982964],[81.352418,43.983085],[81.351591,43.983201],[81.350763,43.983311],[81.349933,43.983416],[81.349102,43.983517],[81.34827,43.983612],[81.347437,43.983702],[81.346603,43.983787],[81.345768,43.983867],[81.344932,43.983942],[81.344095,43.984011],[81.343258,43.984076],[81.342419,43.984135],[81.34158,43.984189],[81.34074,43.984238],[81.3399,43.984282],[81.33906,43.984321],[81.338218,43.984355],[81.337377,43.984383],[81.336535,43.984406],[81.335693,43.984424],[81.334851,43.984437],[81.334008,43.984445],[81.333166,43.984448]]]},"properties":{"name":"伊宁市","time":"2018.01.08 00:00-2020.01.08 24:00"}},{"type":"Feature","geometry":{"type":"Polygon","coordinates":[[[77.435442,37.925643],[77.43482,37.92564],[77.434199,37.925632],[77.433578,37.925618],[77.432957,37.925598],[77.432336,37.925573],[77.431716,37.925542],[77.431097,37.925505],[77.430478,37.925463],[77.429859,37.925415],[77.429242,37.925361],[77.428625,37.925302],[77.428009,37.925237],[77.427394,37.925167],[77.42678,37.925091],[77.426167,37.925009],[77.425556,37.924922],[77.424946,37.924829],[77.424337,37.924731],[77.42373,37.924627],[77.423124,37.924518],[77.42252,37.924403],[77.421917,37.924283],[77.421317,37.924157],[77.420718,37.924026],[77.420121,37.923889],[77.419526,37.923747],[77.418934,37.9236],[77.418343,37.923447],[77.417755,37.923289],[77.417169,37.923126],[77.416586,37.922957],[77.416005,37.922783],[77.415427,37.922603],[77.414851,37.922419],[77.414278,37.922229],[77.413708,37.922034],[77.413141,37.921833],[77.412577,37.921628],[77.412016,37.921417],[77.411458,37.921202],[77.410903,37.920981],[77.410351,37.920756],[77.409803,37.920525],[77.409258,37.920289],[77.408717,37.920049],[77.408179,37.919803],[77.407645,37.919553],[77.407114,37.919298],[77.406587,37.919037],[77.406065,37.918773],[77.405546,37.918503],[77.40503,37.918229],[77.404519,37.91795],[77.404013,37.917666],[77.40351,37.917378],[77.403011,37.917086],[77.402517,37.916788],[77.402027,37.916487],[77.401542,37.916181],[77.401061,37.91587],[77.400585,37.915555],[77.400113,37.915236],[77.399646,37.914913],[77.399184,37.914585],[77.398727,37.914253],[77.398274,37.913917],[77.397827,37.913577],[77.397384,37.913233],[77.396947,37.912885],[77.396515,37.912533],[77.396087,37.912177],[77.395665,37.911817],[77.395249,37.911453],[77.394837,37.911086],[77.394431,37.910714],[77.394031,37.910339],[77.393636,37.909961],[77.393247,37.909579],[77.392863,37.909193],[77.392485,37.908804],[77.392112,37.908412],[77.391745,37.908016],[77.391385,37.907617],[77.39103,37.907215],[77.39068,37.906809],[77.390337,37.9064],[77.39,37.905989],[77.389669,37.905574],[77.389344,37.905156],[77.389025,37.904735],[77.388712,37.904311],[77.388406,37.903885],[77.388105,37.903456],[77.387811,37.903024],[77.387524,37.902589],[77.387242,37.902152],[77.386967,37.901712],[77.386699,37.90127],[77.386437,37.900825],[77.386182,37.900378],[77.385933,37.899929],[77.38569,37.899478],[77.385455,37.899024],[77.385226,37.898568],[77.385003,37.89811],[77.384787,37.89765],[77.384578,37.897189],[77.384376,37.896725],[77.384181,37.89626],[77.383992,37.895792],[77.38381,37.895323],[77.383636,37.894853],[77.383467,37.894381],[77.383306,37.893907],[77.383152,37.893432],[77.383005,37.892956],[77.382865,37.892478],[77.382731,37.891999],[77.382605,37.891519],[77.382486,37.891038],[77.382374,37.890555],[77.382269,37.890072],[77.38217,37.889588],[77.382079,37.889103],[77.381995,37.888617],[77.381919,37.88813],[77.381849,37.887643],[77.381786,37.887155],[77.381731,37.886666],[77.381683,37.886178],[77.381641,37.885688],[77.381607,37.885198],[77.381581,37.884709],[77.381561,37.884218],[77.381548,37.883728],[77.381543,37.883238],[77.381545,37.882747],[77.381554,37.882257],[77.38157,37.881766],[77.381593,37.881276],[77.381624,37.880787],[77.381661,37.880297],[77.381706,37.879808],[77.381758,37.879319],[77.381817,37.878831],[77.381883,37.878343],[77.381956,37.877856],[77.382037,37.87737],[77.382124,37.876884],[77.382219,37.876399],[77.38232,37.875915],[77.382429,37.875433],[77.382545,37.874951],[77.382667,37.87447],[77.382797,37.87399],[77.382934,37.873512],[77.383078,37.873034],[77.383228,37.872559],[77.383386,37.872084],[77.383551,37.871611],[77.383722,37.87114],[77.3839,37.87067],[77.384086,37.870202],[77.384278,37.869735],[77.384476,37.86927],[77.384682,37.868807],[77.384894,37.868346],[77.385113,37.867887],[77.385339,37.86743],[77.385572,37.866975],[77.385811,37.866523],[77.386056,37.866072],[77.386308,37.865624],[77.386567,37.865178],[77.386832,37.864734],[77.387104,37.864293],[77.387382,37.863854],[77.387667,37.863418],[77.387958,37.862984],[77.388255,37.862554],[77.388558,37.862125],[77.388868,37.8617],[77.389184,37.861278],[77.389506,37.860858],[77.389834,37.860441],[77.390168,37.860028],[77.390508,37.859617],[77.390854,37.85921],[77.391206,37.858806],[77.391564,37.858405],[77.391928,37.858007],[77.392298,37.857613],[77.392673,37.857221],[77.393054,37.856834],[77.393441,37.85645],[77.393833,37.856069],[77.394231,37.855692],[77.394634,37.855319],[77.395042,37.854949],[77.395456,37.854584],[77.395876,37.854222],[77.3963,37.853863],[77.39673,37.853509],[77.397165,37.853159],[77.397605,37.852812],[77.39805,37.85247],[77.3985,37.852131],[77.398955,37.851797],[77.399415,37.851467],[77.399879,37.851141],[77.400349,37.85082],[77.400823,37.850502],[77.401301,37.850189],[77.401784,37.849881],[77.402272,37.849577],[77.402764,37.849277],[77.40326,37.848982],[77.403761,37.848691],[77.404266,37.848405],[77.404774,37.848123],[77.405288,37.847846],[77.405805,37.847574],[77.406326,37.847307],[77.40685,37.847044],[77.407379,37.846786],[77.407911,37.846533],[77.408447,37.846285],[77.408987,37.846042],[77.40953,37.845803],[77.410077,37.84557],[77.410627,37.845342],[77.41118,37.845118],[77.411736,37.8449],[77.412296,37.844687],[77.412859,37.844478],[77.413424,37.844275],[77.413993,37.844077],[77.414565,37.843885],[77.415139,37.843697],[77.415716,37.843515],[77.416295,37.843338],[77.416877,37.843167],[77.417462,37.843],[77.418049,37.842839],[77.418638,37.842683],[77.41923,37.842533],[77.419824,37.842388],[77.420419,37.842249],[77.421017,37.842115],[77.421617,37.841986],[77.422218,37.841863],[77.422821,37.841745],[77.423426,37.841633],[77.424033,37.841527],[77.424641,37.841426],[77.425251,37.84133],[77.425861,37.84124],[77.426473,37.841156],[77.427087,37.841077],[77.427701,37.841003],[77.428317,37.840936],[77.428933,37.840874],[77.42955,37.840817],[77.430168,37.840766],[77.430787,37.840721],[77.431406,37.840682],[77.432026,37.840648],[77.432647,37.840619],[77.433267,37.840597],[77.433888,37.84058],[77.43451,37.840569],[77.435131,37.840563],[77.435752,37.840563],[77.436374,37.840569],[77.436995,37.84058],[77.437616,37.840597],[77.438237,37.840619],[77.438857,37.840648],[77.439477,37.840682],[77.440096,37.840721],[77.440715,37.840766],[77.441333,37.840817],[77.44195,37.840874],[77.442567,37.840936],[77.443182,37.841003],[77.443797,37.841077],[77.44441,37.841156],[77.445022,37.84124],[77.445633,37.84133],[77.446242,37.841426],[77.44685,37.841527],[77.447457,37.841633],[77.448062,37.841745],[77.448665,37.841863],[77.449267,37.841986],[77.449866,37.842115],[77.450464,37.842249],[77.45106,37.842388],[77.451654,37.842533],[77.452245,37.842683],[77.452834,37.842839],[77.453421,37.843],[77.454006,37.843167],[77.454588,37.843338],[77.455168,37.843515],[77.455745,37.843697],[77.456319,37.843885],[77.45689,37.844077],[77.457459,37.844275],[77.458025,37.844478],[77.458587,37.844687],[77.459147,37.8449],[77.459703,37.845118],[77.460257,37.845342],[77.460807,37.84557],[77.461353,37.845803],[77.461896,37.846042],[77.462436,37.846285],[77.462972,37.846533],[77.463504,37.846786],[77.464033,37.847044],[77.464558,37.847307],[77.465079,37.847574],[77.465596,37.847846],[77.466109,37.848123],[77.466618,37.848405],[77.467123,37.848691],[77.467623,37.848982],[77.46812,37.849277],[77.468612,37.849577],[77.469099,37.849881],[77.469582,37.850189],[77.470061,37.850502],[77.470535,37.85082],[77.471004,37.851141],[77.471469,37.851467],[77.471928,37.851797],[77.472383,37.852131],[77.472833,37.85247],[77.473278,37.852812],[77.473718,37.853159],[77.474153,37.853509],[77.474583,37.853863],[77.475008,37.854222],[77.475427,37.854584],[77.475841,37.854949],[77.47625,37.855319],[77.476653,37.855692],[77.477051,37.856069],[77.477443,37.85645],[77.477829,37.856834],[77.47821,37.857221],[77.478586,37.857613],[77.478955,37.858007],[77.479319,37.858405],[77.479677,37.858806],[77.480029,37.85921],[77.480375,37.859617],[77.480716,37.860028],[77.48105,37.860441],[77.481378,37.860858],[77.4817,37.861278],[77.482016,37.8617],[77.482325,37.862125],[77.482629,37.862554],[77.482926,37.862984],[77.483217,37.863418],[77.483501,37.863854],[77.483779,37.864293],[77.484051,37.864734],[77.484316,37.865178],[77.484575,37.865624],[77.484827,37.866072],[77.485073,37.866523],[77.485312,37.866975],[77.485544,37.86743],[77.48577,37.867887],[77.485989,37.868346],[77.486201,37.868807],[77.486407,37.86927],[77.486606,37.869735],[77.486798,37.870202],[77.486983,37.87067],[77.487161,37.87114],[77.487333,37.871611],[77.487497,37.872084],[77.487655,37.872559],[77.487806,37.873034],[77.487949,37.873512],[77.488086,37.87399],[77.488216,37.87447],[77.488339,37.874951],[77.488455,37.875433],[77.488563,37.875915],[77.488665,37.876399],[77.488759,37.876884],[77.488847,37.87737],[77.488927,37.877856],[77.489,37.878343],[77.489067,37.878831],[77.489126,37.879319],[77.489178,37.879808],[77.489222,37.880297],[77.48926,37.880787],[77.48929,37.881276],[77.489314,37.881766],[77.48933,37.882257],[77.489339,37.882747],[77.48934,37.883238],[77.489335,37.883728],[77.489322,37.884218],[77.489303,37.884709],[77.489276,37.885198],[77.489242,37.885688],[77.489201,37.886178],[77.489152,37.886666],[77.489097,37.887155],[77.489034,37.887643],[77.488965,37.88813],[77.488888,37.888617],[77.488804,37.889103],[77.488713,37.889588],[77.488615,37.890072],[77.48851,37.890555],[77.488398,37.891038],[77.488278,37.891519],[77.488152,37.891999],[77.488019,37.892478],[77.487878,37.892956],[77.487731,37.893432],[77.487577,37.893907],[77.487416,37.894381],[77.487248,37.894853],[77.487073,37.895323],[77.486891,37.895792],[77.486703,37.89626],[77.486507,37.896725],[77.486305,37.897189],[77.486096,37.89765],[77.48588,37.89811],[77.485658,37.898568],[77.485429,37.899024],[77.485193,37.899478],[77.484951,37.899929],[77.484702,37.900378],[77.484446,37.900825],[77.484184,37.90127],[77.483916,37.901712],[77.483641,37.902152],[77.48336,37.902589],[77.483072,37.903024],[77.482778,37.903456],[77.482478,37.903885],[77.482171,37.904311],[77.481858,37.904735],[77.48154,37.905156],[77.481214,37.905574],[77.480883,37.905989],[77.480546,37.9064],[77.480203,37.906809],[77.479854,37.907215],[77.479499,37.907617],[77.479138,37.908016],[77.478771,37.908412],[77.478399,37.908804],[77.478021,37.909193],[77.477637,37.909579],[77.477247,37.909961],[77.476852,37.910339],[77.476452,37.910714],[77.476046,37.911086],[77.475635,37.911453],[77.475218,37.911817],[77.474796,37.912177],[77.474369,37.912533],[77.473937,37.912885],[77.473499,37.913233],[77.473056,37.913577],[77.472609,37.913917],[77.472156,37.914253],[77.471699,37.914585],[77.471237,37.914913],[77.47077,37.915236],[77.470298,37.915555],[77.469822,37.91587],[77.469341,37.916181],[77.468856,37.916487],[77.468366,37.916788],[77.467872,37.917086],[77.467374,37.917378],[77.466871,37.917666],[77.466364,37.91795],[77.465853,37.918229],[77.465338,37.918503],[77.464819,37.918773],[77.464296,37.919037],[77.463769,37.919298],[77.463239,37.919553],[77.462704,37.919803],[77.462167,37.920049],[77.461625,37.920289],[77.46108,37.920525],[77.460532,37.920756],[77.45998,37.920981],[77.459426,37.921202],[77.458868,37.921417],[77.458306,37.921628],[77.457742,37.921833],[77.457175,37.922034],[77.456605,37.922229],[77.456032,37.922419],[77.455456,37.922603],[77.454878,37.922783],[77.454297,37.922957],[77.453714,37.923126],[77.453128,37.923289],[77.45254,37.923447],[77.45195,37.9236],[77.451357,37.923747],[77.450762,37.923889],[77.450165,37.924026],[77.449567,37.924157],[77.448966,37.924283],[77.448364,37.924403],[77.44776,37.924518],[77.447154,37.924627],[77.446547,37.924731],[77.445938,37.924829],[77.445328,37.924922],[77.444716,37.925009],[77.444103,37.925091],[77.44349,37.925167],[77.442875,37.925237],[77.442259,37.925302],[77.441642,37.925361],[77.441024,37.925415],[77.440406,37.925463],[77.439787,37.925505],[77.439167,37.925542],[77.438547,37.925573],[77.437926,37.925598],[77.437306,37.925618],[77.436684,37.925632],[77.436063,37.92564],[77.435442,37.925643]]]},"properties":{"name":"叶城县","time":"2018.01.08 00:00-2020.01.08 24:00"}},{"type":"Feature","geometry":{"type":"Polygon","coordinates":[[[84.890188,44.378356],[84.889516,44.378354],[84.888845,44.378346],[84.888173,44.378333],[84.887501,44.378315],[84.88683,44.378292],[84.88616,44.378264],[84.885489,44.378231],[84.884819,44.378192],[84.88415,44.378149],[84.883482,44.3781],[84.882814,44.378046],[84.882147,44.377987],[84.881481,44.377923],[84.880816,44.377854],[84.880152,44.37778],[84.87949,44.377701],[84.878828,44.377617],[84.878168,44.377528],[84.877509,44.377433],[84.876852,44.377334],[84.876196,44.377229],[84.875542,44.37712],[84.874889,44.377006],[84.874238,44.376886],[84.873589,44.376762],[84.872942,44.376633],[84.872297,44.376499],[84.871654,44.37636],[84.871013,44.376216],[84.870374,44.376067],[84.869737,44.375913],[84.869103,44.375754],[84.868471,44.375591],[84.867842,44.375423],[84.867215,44.375249],[84.866591,44.375072],[84.865969,44.374889],[84.865351,44.374702],[84.864735,44.37451],[84.864122,44.374313],[84.863512,44.374111],[84.862905,44.373905],[84.862301,44.373695],[84.8617,44.373479],[84.861103,44.373259],[84.860509,44.373035],[84.859918,44.372806],[84.859331,44.372573],[84.858747,44.372335],[84.858167,44.372092],[84.857591,44.371845],[84.857018,44.371594],[84.856449,44.371339],[84.855884,44.371079],[84.855323,44.370815],[84.854766,44.370546],[84.854213,44.370274],[84.853663,44.369997],[84.853119,44.369716],[84.852578,44.36943],[84.852042,44.369141],[84.85151,44.368848],[84.850982,44.36855],[84.850459,44.368249],[84.84994,44.367943],[84.849426,44.367634],[84.848917,44.36732],[84.848413,44.367003],[84.847913,44.366682],[84.847418,44.366357],[84.846928,44.366029],[84.846442,44.365696],[84.845962,44.36536],[84.845487,44.365021],[84.845017,44.364677],[84.844552,44.364331],[84.844093,44.36398],[84.843638,44.363626],[84.843189,44.363269],[84.842745,44.362908],[84.842307,44.362544],[84.841874,44.362177],[84.841447,44.361806],[84.841025,44.361432],[84.840609,44.361055],[84.840199,44.360674],[84.839794,44.360291],[84.839395,44.359904],[84.839002,44.359515],[84.838614,44.359122],[84.838233,44.358727],[84.837857,44.358328],[84.837488,44.357927],[84.837124,44.357523],[84.836767,44.357116],[84.836415,44.356707],[84.83607,44.356295],[84.835731,44.35588],[84.835398,44.355463],[84.835071,44.355043],[84.834751,44.35462],[84.834437,44.354196],[84.83413,44.353768],[84.833828,44.353339],[84.833534,44.352907],[84.833245,44.352473],[84.832964,44.352037],[84.832688,44.351599],[84.83242,44.351158],[84.832157,44.350716],[84.831902,44.350272],[84.831653,44.349825],[84.831411,44.349377],[84.831176,44.348927],[84.830947,44.348475],[84.830725,44.348022],[84.83051,44.347566],[84.830301,44.34711],[84.8301,44.346651],[84.829905,44.346191],[84.829718,44.34573],[84.829537,44.345267],[84.829363,44.344803],[84.829196,44.344337],[84.829036,44.343871],[84.828883,44.343403],[84.828737,44.342934],[84.828598,44.342464],[84.828466,44.341992],[84.828341,44.34152],[84.828223,44.341047],[84.828112,44.340573],[84.828009,44.340098],[84.827912,44.339623],[84.827823,44.339146],[84.82774,44.338669],[84.827665,44.338192],[84.827597,44.337714],[84.827536,44.337235],[84.827482,44.336756],[84.827436,44.336277],[84.827396,44.335797],[84.827364,44.335317],[84.827339,44.334837],[84.827321,44.334356],[84.82731,44.333876],[84.827306,44.333395],[84.82731,44.332914],[84.827321,44.332434],[84.827339,44.331953],[84.827364,44.331473],[84.827396,44.330993],[84.827436,44.330513],[84.827482,44.330034],[84.827536,44.329554],[84.827597,44.329076],[84.827665,44.328598],[84.82774,44.32812],[84.827823,44.327643],[84.827912,44.327167],[84.828009,44.326691],[84.828112,44.326216],[84.828223,44.325742],[84.828341,44.325269],[84.828466,44.324796],[84.828598,44.324325],[84.828737,44.323855],[84.828883,44.323385],[84.829036,44.322917],[84.829196,44.32245],[84.829363,44.321985],[84.829537,44.32152],[84.829718,44.321057],[84.829905,44.320596],[84.8301,44.320136],[84.830301,44.319677],[84.83051,44.31922],[84.830725,44.318765],[84.830947,44.318311],[84.831176,44.317859],[84.831411,44.317409],[84.831653,44.31696],[84.831902,44.316514],[84.832157,44.316069],[84.83242,44.315626],[84.832688,44.315186],[84.832964,44.314747],[84.833245,44.31431],[84.833534,44.313876],[84.833828,44.313444],[84.83413,44.313014],[84.834437,44.312587],[84.834751,44.312162],[84.835071,44.311739],[84.835398,44.311319],[84.835731,44.310901],[84.83607,44.310486],[84.836415,44.310074],[84.836767,44.309664],[84.837124,44.309257],[84.837488,44.308852],[84.837857,44.308451],[84.838233,44.308052],[84.838614,44.307656],[84.839002,44.307263],[84.839395,44.306873],[84.839794,44.306487],[84.840199,44.306103],[84.840609,44.305722],[84.841025,44.305345],[84.841447,44.30497],[84.841874,44.304599],[84.842307,44.304231],[84.842745,44.303867],[84.843189,44.303506],[84.843638,44.303148],[84.844093,44.302794],[84.844552,44.302443],[84.845017,44.302096],[84.845487,44.301752],[84.845962,44.301412],[84.846442,44.301076],[84.846928,44.300743],[84.847418,44.300414],[84.847913,44.300089],[84.848413,44.299767],[84.848917,44.29945],[84.849426,44.299136],[84.84994,44.298826],[84.850459,44.298521],[84.850982,44.298219],[84.85151,44.297921],[84.852042,44.297627],[84.852578,44.297337],[84.853119,44.297052],[84.853663,44.29677],[84.854213,44.296493],[84.854766,44.29622],[84.855323,44.295951],[84.855884,44.295687],[84.856449,44.295427],[84.857018,44.295171],[84.857591,44.294919],[84.858167,44.294672],[84.858747,44.294429],[84.859331,44.294191],[84.859918,44.293957],[84.860509,44.293728],[84.861103,44.293503],[84.8617,44.293283],[84.862301,44.293068],[84.862905,44.292857],[84.863512,44.29265],[84.864122,44.292449],[84.864735,44.292251],[84.865351,44.292059],[84.865969,44.291872],[84.866591,44.291689],[84.867215,44.291511],[84.867842,44.291337],[84.868471,44.291169],[84.869103,44.291005],[84.869737,44.290846],[84.870374,44.290692],[84.871013,44.290543],[84.871654,44.290399],[84.872297,44.29026],[84.872942,44.290125],[84.873589,44.289996],[84.874238,44.289871],[84.874889,44.289752],[84.875542,44.289637],[84.876196,44.289528],[84.876852,44.289423],[84.877509,44.289324],[84.878168,44.289229],[84.878828,44.28914],[84.87949,44.289055],[84.880152,44.288976],[84.880816,44.288902],[84.881481,44.288833],[84.882147,44.288769],[84.882814,44.28871],[84.883482,44.288656],[84.88415,44.288607],[84.884819,44.288563],[84.885489,44.288525],[84.88616,44.288492],[84.88683,44.288463],[84.887501,44.28844],[84.888173,44.288422],[84.888845,44.288409],[84.889516,44.288402],[84.890188,44.288399],[84.89086,44.288402],[84.891532,44.288409],[84.892204,44.288422],[84.892875,44.28844],[84.893546,44.288463],[84.894217,44.288492],[84.894888,44.288525],[84.895557,44.288563],[84.896227,44.288607],[84.896895,44.288656],[84.897563,44.28871],[84.89823,44.288769],[84.898896,44.288833],[84.89956,44.288902],[84.900224,44.288976],[84.900887,44.289055],[84.901549,44.28914],[84.902209,44.289229],[84.902868,44.289324],[84.903525,44.289423],[84.904181,44.289528],[84.904835,44.289637],[84.905488,44.289752],[84.906139,44.289871],[84.906788,44.289996],[84.907435,44.290125],[84.90808,44.29026],[84.908723,44.290399],[84.909364,44.290543],[84.910003,44.290692],[84.91064,44.290846],[84.911274,44.291005],[84.911906,44.291169],[84.912535,44.291337],[84.913162,44.291511],[84.913786,44.291689],[84.914407,44.291872],[84.915026,44.292059],[84.915642,44.292251],[84.916255,44.292449],[84.916865,44.29265],[84.917472,44.292857],[84.918076,44.293068],[84.918676,44.293283],[84.919274,44.293503],[84.919868,44.293728],[84.920459,44.293957],[84.921046,44.294191],[84.921629,44.294429],[84.92221,44.294672],[84.922786,44.294919],[84.923359,44.295171],[84.923928,44.295427],[84.924493,44.295687],[84.925054,44.295951],[84.925611,44.29622],[84.926164,44.296493],[84.926713,44.29677],[84.927258,44.297052],[84.927799,44.297337],[84.928335,44.297627],[84.928867,44.297921],[84.929395,44.298219],[84.929918,44.298521],[84.930436,44.298826],[84.93095,44.299136],[84.93146,44.29945],[84.931964,44.299767],[84.932464,44.300089],[84.932959,44.300414],[84.933449,44.300743],[84.933934,44.301076],[84.934415,44.301412],[84.93489,44.301752],[84.93536,44.302096],[84.935825,44.302443],[84.936284,44.302794],[84.936739,44.303148],[84.937188,44.303506],[84.937631,44.303867],[84.93807,44.304231],[84.938503,44.304599],[84.93893,44.30497],[84.939352,44.305345],[84.939768,44.305722],[84.940178,44.306103],[84.940583,44.306487],[84.940982,44.306873],[84.941375,44.307263],[84.941763,44.307656],[84.942144,44.308052],[84.94252,44.308451],[84.942889,44.308852],[84.943253,44.309257],[84.94361,44.309664],[84.943962,44.310074],[84.944307,44.310486],[84.944646,44.310901],[84.944979,44.311319],[84.945305,44.311739],[84.945626,44.312162],[84.94594,44.312587],[84.946247,44.313014],[84.946548,44.313444],[84.946843,44.313876],[84.947131,44.31431],[84.947413,44.314747],[84.947689,44.315186],[84.947957,44.315626],[84.948219,44.316069],[84.948475,44.316514],[84.948724,44.31696],[84.948966,44.317409],[84.949201,44.317859],[84.94943,44.318311],[84.949652,44.318765],[84.949867,44.31922],[84.950075,44.319677],[84.950277,44.320136],[84.950471,44.320596],[84.950659,44.321057],[84.95084,44.32152],[84.951014,44.321985],[84.951181,44.32245],[84.951341,44.322917],[84.951494,44.323385],[84.95164,44.323855],[84.951779,44.324325],[84.951911,44.324796],[84.952036,44.325269],[84.952154,44.325742],[84.952264,44.326216],[84.952368,44.326691],[84.952465,44.327167],[84.952554,44.327643],[84.952637,44.32812],[84.952712,44.328598],[84.95278,44.329076],[84.952841,44.329554],[84.952895,44.330034],[84.952941,44.330513],[84.952981,44.330993],[84.953013,44.331473],[84.953038,44.331953],[84.953056,44.332434],[84.953067,44.332914],[84.95307,44.333395],[84.953067,44.333876],[84.953056,44.334356],[84.953038,44.334837],[84.953013,44.335317],[84.952981,44.335797],[84.952941,44.336277],[84.952895,44.336756],[84.952841,44.337235],[84.95278,44.337714],[84.952712,44.338192],[84.952637,44.338669],[84.952554,44.339146],[84.952465,44.339623],[84.952368,44.340098],[84.952264,44.340573],[84.952154,44.341047],[84.952036,44.34152],[84.951911,44.341992],[84.951779,44.342464],[84.95164,44.342934],[84.951494,44.343403],[84.951341,44.343871],[84.951181,44.344337],[84.951014,44.344803],[84.95084,44.345267],[84.950659,44.34573],[84.950471,44.346191],[84.950277,44.346651],[84.950075,44.34711],[84.949867,44.347566],[84.949652,44.348022],[84.94943,44.348475],[84.949201,44.348927],[84.948966,44.349377],[84.948724,44.349825],[84.948475,44.350272],[84.948219,44.350716],[84.947957,44.351158],[84.947689,44.351599],[84.947413,44.352037],[84.947131,44.352473],[84.946843,44.352907],[84.946548,44.353339],[84.946247,44.353768],[84.94594,44.354196],[84.945626,44.35462],[84.945305,44.355043],[84.944979,44.355463],[84.944646,44.35588],[84.944307,44.356295],[84.943962,44.356707],[84.94361,44.357116],[84.943253,44.357523],[84.942889,44.357927],[84.94252,44.358328],[84.942144,44.358727],[84.941763,44.359122],[84.941375,44.359515],[84.940982,44.359904],[84.940583,44.360291],[84.940178,44.360674],[84.939768,44.361055],[84.939352,44.361432],[84.93893,44.361806],[84.938503,44.362177],[84.93807,44.362544],[84.937631,44.362908],[84.937188,44.363269],[84.936739,44.363626],[84.936284,44.36398],[84.935825,44.364331],[84.93536,44.364677],[84.93489,44.365021],[84.934415,44.36536],[84.933934,44.365696],[84.933449,44.366029],[84.932959,44.366357],[84.932464,44.366682],[84.931964,44.367003],[84.93146,44.36732],[84.93095,44.367634],[84.930436,44.367943],[84.929918,44.368249],[84.929395,44.36855],[84.928867,44.368848],[84.928335,44.369141],[84.927799,44.36943],[84.927258,44.369716],[84.926713,44.369997],[84.926164,44.370274],[84.925611,44.370546],[84.925054,44.370815],[84.924493,44.371079],[84.923928,44.371339],[84.923359,44.371594],[84.922786,44.371845],[84.92221,44.372092],[84.921629,44.372335],[84.921046,44.372573],[84.920459,44.372806],[84.919868,44.373035],[84.919274,44.373259],[84.918676,44.373479],[84.918076,44.373695],[84.917472,44.373905],[84.916865,44.374111],[84.916255,44.374313],[84.915642,44.37451],[84.915026,44.374702],[84.914407,44.374889],[84.913786,44.375072],[84.913162,44.375249],[84.912535,44.375423],[84.911906,44.375591],[84.911274,44.375754],[84.91064,44.375913],[84.910003,44.376067],[84.909364,44.376216],[84.908723,44.37636],[84.90808,44.376499],[84.907435,44.376633],[84.906788,44.376762],[84.906139,44.376886],[84.905488,44.377006],[84.904835,44.37712],[84.904181,44.377229],[84.903525,44.377334],[84.902868,44.377433],[84.902209,44.377528],[84.901549,44.377617],[84.900887,44.377701],[84.900224,44.37778],[84.89956,44.377854],[84.898896,44.377923],[84.89823,44.377987],[84.897563,44.378046],[84.896895,44.3781],[84.896227,44.378149],[84.895557,44.378192],[84.894888,44.378231],[84.894217,44.378264],[84.893546,44.378292],[84.892875,44.378315],[84.892204,44.378333],[84.891532,44.378346],[84.89086,44.378354],[84.890188,44.378356]]]},"properties":{"name":"乌苏市","time":"2018.01.08 00:00-2020.01.08 24:00"}},{"type":"Feature","geometry":{"type":"Polygon","coordinates":[[[87.584477,44.02691],[87.583158,44.026907],[87.581838,44.026899],[87.580519,44.026886],[87.5792,44.026868],[87.577881,44.026845],[87.576562,44.026817],[87.575243,44.026783],[87.573925,44.026745],[87.572607,44.026701],[87.571289,44.026652],[87.569972,44.026598],[87.568655,44.026538],[87.567339,44.026474],[87.566023,44.026404],[87.564708,44.026329],[87.563393,44.02625],[87.562079,44.026164],[87.560765,44.026074],[87.559452,44.025979],[87.55814,44.025879],[87.556829,44.025773],[87.555519,44.025662],[87.554209,44.025546],[87.5529,44.025425],[87.551593,44.025299],[87.550286,44.025168],[87.54898,44.025032],[87.547675,44.024891],[87.546372,44.024744],[87.545069,44.024592],[87.543768,44.024436],[87.542468,44.024274],[87.541169,44.024107],[87.539871,44.023935],[87.538575,44.023758],[87.53728,44.023576],[87.535987,44.023389],[87.534695,44.023197],[87.533404,44.022999],[87.532115,44.022797],[87.530827,44.02259],[87.529542,44.022377],[87.528257,44.02216],[87.526975,44.021938],[87.525694,44.02171],[87.524414,44.021478],[87.523137,44.02124],[87.521861,44.020998],[87.520587,44.02075],[87.519316,44.020498],[87.518046,44.020241],[87.516778,44.019978],[87.515512,44.019711],[87.514248,44.019439],[87.512986,44.019161],[87.511726,44.018879],[87.510468,44.018592],[87.509213,44.0183],[87.50796,44.018003],[87.506709,44.017702],[87.50546,44.017395],[87.504214,44.017083],[87.50297,44.016767],[87.501729,44.016446],[87.50049,44.016119],[87.499253,44.015788],[87.498019,44.015453],[87.496787,44.015112],[87.495559,44.014767],[87.494332,44.014416],[87.493109,44.014061],[87.491888,44.013701],[87.49067,44.013337],[87.489454,44.012967],[87.488242,44.012593],[87.487032,44.012214],[87.485825,44.011831],[87.484621,44.011442],[87.48342,44.011049],[87.482222,44.010652],[87.481027,44.010249],[87.479836,44.009842],[87.478647,44.00943],[87.477461,44.009014],[87.476279,44.008593],[87.475099,44.008167],[87.473923,44.007737],[87.472751,44.007302],[87.471581,44.006863],[87.470415,44.006419],[87.469252,44.00597],[87.468093,44.005517],[87.466937,44.005059],[87.465785,44.004597],[87.464636,44.004131],[87.46349,44.003659],[87.462349,44.003184],[87.46121,44.002704],[87.460076,44.002219],[87.458945,44.00173],[87.457818,44.001237],[87.456695,44.000739],[87.455575,44.000237],[87.454459,43.99973],[87.453347,43.999219],[87.452239,43.998704],[87.451135,43.998184],[87.450035,43.99766],[87.448939,43.997132],[87.447847,43.996599],[87.446759,43.996062],[87.445674,43.995521],[87.444594,43.994976],[87.443519,43.994426],[87.442447,43.993873],[87.44138,43.993315],[87.440316,43.992753],[87.439257,43.992186],[87.438203,43.991616],[87.437152,43.991041],[87.436106,43.990463],[87.435065,43.98988],[87.434028,43.989293],[87.432995,43.988702],[87.431967,43.988107],[87.430943,43.987508],[87.429924,43.986906],[87.428909,43.986299],[87.427899,43.985688],[87.426894,43.985073],[87.425893,43.984454],[87.424897,43.983831],[87.423906,43.983205],[87.42292,43.982574],[87.421938,43.98194],[87.420961,43.981302],[87.419989,43.98066],[87.419022,43.980014],[87.418059,43.979365],[87.417102,43.978711],[87.416149,43.978054],[87.415202,43.977393],[87.41426,43.976729],[87.413322,43.976061],[87.41239,43.975389],[87.411463,43.974713],[87.41054,43.974034],[87.409623,43.973351],[87.408712,43.972665],[87.407805,43.971975],[87.406904,43.971282],[87.406007,43.970585],[87.405117,43.969884],[87.404231,43.96918],[87.403351,43.968473],[87.402476,43.967762],[87.401607,43.967048],[87.400742,43.96633],[87.399884,43.965609],[87.399031,43.964884],[87.398183,43.964157],[87.397341,43.963426],[87.396504,43.962691],[87.395673,43.961953],[87.394848,43.961213],[87.394028,43.960468],[87.393214,43.959721],[87.392405,43.95897],[87.391602,43.958217],[87.390805,43.95746],[87.390014,43.9567],[87.389228,43.955937],[87.388448,43.955171],[87.387674,43.954401],[87.386906,43.953629],[87.386143,43.952854],[87.385387,43.952076],[87.384636,43.951295],[87.383891,43.95051],[87.383153,43.949723],[87.38242,43.948933],[87.381693,43.948141],[87.380972,43.947345],[87.380257,43.946547],[87.379548,43.945745],[87.378846,43.944941],[87.378149,43.944134],[87.377458,43.943325],[87.376774,43.942513],[87.376096,43.941698],[87.375424,43.94088],[87.374758,43.94006],[87.374098,43.939237],[87.373444,43.938412],[87.372797,43.937584],[87.372156,43.936753],[87.371521,43.93592],[87.370893,43.935085],[87.370271,43.934247],[87.369655,43.933407],[87.369046,43.932564],[87.368443,43.931719],[87.367846,43.930871],[87.367256,43.930021],[87.366672,43.929169],[87.366095,43.928315],[87.365524,43.927458],[87.36496,43.926599],[87.364402,43.925738],[87.36385,43.924874],[87.363306,43.924009],[87.362767,43.923141],[87.362235,43.922271],[87.36171,43.9214],[87.361192,43.920526],[87.36068,43.91965],[87.360174,43.918772],[87.359676,43.917892],[87.359184,43.91701],[87.358698,43.916126],[87.35822,43.91524],[87.357748,43.914353],[87.357282,43.913463],[87.356824,43.912572],[87.356372,43.911679],[87.355927,43.910784],[87.355488,43.909888],[87.355057,43.908989],[87.354632,43.908089],[87.354214,43.907188],[87.353803,43.906284],[87.353399,43.90538],[87.353001,43.904473],[87.352611,43.903565],[87.352227,43.902655],[87.35185,43.901744],[87.35148,43.900832],[87.351117,43.899918],[87.350761,43.899002],[87.350411,43.898086],[87.350069,43.897167],[87.349734,43.896248],[87.349405,43.895327],[87.349084,43.894405],[87.348769,43.893481],[87.348461,43.892557],[87.348161,43.891631],[87.347867,43.890704],[87.347581,43.889776],[87.347301,43.888846],[87.347028,43.887916],[87.346763,43.886985],[87.346504,43.886052],[87.346253,43.885119],[87.346009,43.884184],[87.345771,43.883249],[87.345541,43.882312],[87.345318,43.881375],[87.345102,43.880437],[87.344892,43.879498],[87.34469,43.878558],[87.344496,43.877617],[87.344308,43.876676],[87.344127,43.875734],[87.343954,43.874791],[87.343787,43.873847],[87.343628,43.872903],[87.343476,43.871958],[87.343331,43.871013],[87.343193,43.870067],[87.343062,43.86912],[87.342938,43.868173],[87.342822,43.867226],[87.342712,43.866278],[87.34261,43.865329],[87.342515,43.86438],[87.342427,43.863431],[87.342347,43.862482],[87.342273,43.861532],[87.342207,43.860582],[87.342148,43.859631],[87.342096,43.858681],[87.342051,43.85773],[87.342013,43.856779],[87.341983,43.855828],[87.341959,43.854876],[87.341943,43.853925],[87.341934,43.852974],[87.341932,43.852022],[87.341938,43.851071],[87.34195,43.850119],[87.34197,43.849168],[87.341997,43.848216],[87.342031,43.847265],[87.342072,43.846314],[87.342121,43.845363],[87.342176,43.844412],[87.342239,43.843462],[87.342309,43.842511],[87.342386,43.841561],[87.34247,43.840612],[87.342562,43.839662],[87.34266,43.838713],[87.342766,43.837765],[87.342879,43.836816],[87.342999,43.835869],[87.343126,43.834921],[87.343261,43.833974],[87.343402,43.833028],[87.343551,43.832082],[87.343707,43.831137],[87.343869,43.830193],[87.344039,43.829249],[87.344217,43.828306],[87.344401,43.827363],[87.344592,43.826421],[87.344791,43.82548],[87.344996,43.82454],[87.345209,43.8236],[87.345428,43.822662],[87.345655,43.821724],[87.345889,43.820787],[87.34613,43.819851],[87.346378,43.818916],[87.346633,43.817982],[87.346895,43.817049],[87.347164,43.816117],[87.34744,43.815186],[87.347723,43.814256],[87.348013,43.813327],[87.34831,43.812399],[87.348614,43.811473],[87.348925,43.810548],[87.349243,43.809623],[87.349568,43.808701],[87.3499,43.807779],[87.350239,43.806859],[87.350585,43.80594],[87.350938,43.805022],[87.351298,43.804106],[87.351664,43.803191],[87.352038,43.802278],[87.352418,43.801366],[87.352805,43.800456],[87.353199,43.799547],[87.3536,43.79864],[87.354008,43.797734],[87.354422,43.79683],[87.354844,43.795927],[87.355272,43.795026],[87.355707,43.794127],[87.356148,43.79323],[87.356597,43.792334],[87.357052,43.79144],[87.357514,43.790548],[87.357983,43.789657],[87.358458,43.788769],[87.35894,43.787882],[87.359429,43.786997],[87.359924,43.786115],[87.360426,43.785234],[87.360935,43.784355],[87.36145,43.783478],[87.361972,43.782603],[87.362501,43.78173],[87.363036,43.780859],[87.363577,43.779991],[87.364125,43.779124],[87.36468,43.77826],[87.365241,43.777397],[87.365809,43.776537],[87.366383,43.77568],[87.366963,43.774824],[87.36755,43.773971],[87.368144,43.77312],[87.368744,43.772271],[87.36935,43.771425],[87.369962,43.770581],[87.370581,43.76974],[87.371206,43.768901],[87.371838,43.768064],[87.372476,43.76723],[87.37312,43.766398],[87.37377,43.765569],[87.374427,43.764743],[87.37509,43.763919],[87.375759,43.763097],[87.376434,43.762279],[87.377115,43.761463],[87.377803,43.760649],[87.378496,43.759839],[87.379196,43.759031],[87.379902,43.758226],[87.380614,43.757423],[87.381332,43.756624],[87.382056,43.755827],[87.382785,43.755033],[87.383521,43.754242],[87.384263,43.753454],[87.385011,43.752668],[87.385764,43.751886],[87.386524,43.751107],[87.387289,43.75033],[87.38806,43.749557],[87.388837,43.748787],[87.38962,43.748019],[87.390409,43.747255],[87.391203,43.746494],[87.392003,43.745736],[87.392809,43.744981],[87.39362,43.74423],[87.394437,43.743481],[87.39526,43.742736],[87.396088,43.741994],[87.396922,43.741255],[87.397761,43.74052],[87.398606,43.739787],[87.399457,43.739058],[87.400312,43.738333],[87.401174,43.737611],[87.402041,43.736892],[87.402913,43.736177],[87.40379,43.735465],[87.404673,43.734756],[87.405561,43.734051],[87.406455,43.73335],[87.407354,43.732652],[87.408258,43.731957],[87.409167,43.731266],[87.410081,43.730579],[87.411001,43.729895],[87.411925,43.729215],[87.412855,43.728539],[87.41379,43.727866],[87.41473,43.727197],[87.415675,43.726531],[87.416625,43.72587],[87.41758,43.725212],[87.41854,43.724557],[87.419505,43.723907],[87.420474,43.72326],[87.421449,43.722617],[87.422428,43.721978],[87.423412,43.721343],[87.424401,43.720712],[87.425395,43.720084],[87.426393,43.719461],[87.427396,43.718841],[87.428404,43.718226],[87.429416,43.717614],[87.430433,43.717006],[87.431454,43.716403],[87.43248,43.715803],[87.433511,43.715207],[87.434546,43.714616],[87.435585,43.714028],[87.436629,43.713445],[87.437677,43.712866],[87.43873,43.712291],[87.439786,43.71172],[87.440847,43.711153],[87.441913,43.71059],[87.442982,43.710032],[87.444056,43.709477],[87.445134,43.708927],[87.446216,43.708381],[87.447302,43.70784],[87.448392,43.707302],[87.449486,43.706769],[87.450585,43.706241],[87.451687,43.705716],[87.452793,43.705196],[87.453903,43.704681],[87.455017,43.704169],[87.456134,43.703662],[87.457256,43.70316],[87.458381,43.702662],[87.45951,43.702168],[87.460643,43.701679],[87.461779,43.701194],[87.462919,43.700714],[87.464063,43.700238],[87.46521,43.699767],[87.46636,43.6993],[87.467515,43.698838],[87.468672,43.69838],[87.469833,43.697927],[87.470998,43.697478],[87.472165,43.697034],[87.473337,43.696595],[87.474511,43.69616],[87.475689,43.695729],[87.47687,43.695304],[87.478054,43.694883],[87.479241,43.694467],[87.480431,43.694055],[87.481625,43.693648],[87.482821,43.693246],[87.48402,43.692849],[87.485223,43.692456],[87.486428,43.692068],[87.487637,43.691684],[87.488848,43.691306],[87.490062,43.690932],[87.491278,43.690563],[87.492498,43.690199],[87.49372,43.689839],[87.494945,43.689485],[87.496173,43.689135],[87.497403,43.68879],[87.498636,43.68845],[87.499871,43.688115],[87.501109,43.687784],[87.502349,43.687459],[87.503592,43.687138],[87.504837,43.686823],[87.506084,43.686512],[87.507334,43.686206],[87.508586,43.685905],[87.50984,43.685609],[87.511097,43.685318],[87.512356,43.685031],[87.513616,43.68475],[87.514879,43.684474],[87.516144,43.684203],[87.517411,43.683936],[87.51868,43.683675],[87.519951,43.683419],[87.521224,43.683167],[87.522499,43.682921],[87.523775,43.68268],[87.525054,43.682443],[87.526334,43.682212],[87.527616,43.681986],[87.528899,43.681765],[87.530184,43.681548],[87.531471,43.681337],[87.532759,43.681131],[87.534049,43.68093],[87.535341,43.680735],[87.536633,43.680544],[87.537928,43.680358],[87.539223,43.680178],[87.54052,43.680002],[87.541818,43.679832],[87.543118,43.679666],[87.544419,43.679506],[87.54572,43.679351],[87.547024,43.679201],[87.548328,43.679057],[87.549633,43.678917],[87.550939,43.678782],[87.552246,43.678653],[87.553555,43.678529],[87.554864,43.67841],[87.556174,43.678296],[87.557485,43.678187],[87.558796,43.678083],[87.560109,43.677985],[87.561422,43.677892],[87.562736,43.677803],[87.56405,43.677721],[87.565365,43.677643],[87.566681,43.67757],[87.567997,43.677503],[87.569314,43.67744],[87.570631,43.677383],[87.571948,43.677331],[87.573266,43.677285],[87.574584,43.677243],[87.575903,43.677207],[87.577221,43.677176],[87.57854,43.67715],[87.579859,43.677129],[87.581179,43.677114],[87.582498,43.677103],[87.583817,43.677098],[87.585137,43.677098],[87.586456,43.677103],[87.587776,43.677114],[87.589095,43.677129],[87.590414,43.67715],[87.591733,43.677176],[87.593052,43.677207],[87.59437,43.677243],[87.595688,43.677285],[87.597006,43.677331],[87.598324,43.677383],[87.599641,43.67744],[87.600958,43.677503],[87.602274,43.67757],[87.603589,43.677643],[87.604904,43.677721],[87.606219,43.677803],[87.607533,43.677892],[87.608846,43.677985],[87.610158,43.678083],[87.61147,43.678187],[87.612781,43.678296],[87.614091,43.67841],[87.6154,43.678529],[87.616708,43.678653],[87.618015,43.678782],[87.619321,43.678917],[87.620627,43.679057],[87.621931,43.679201],[87.623234,43.679351],[87.624536,43.679506],[87.625837,43.679666],[87.627136,43.679832],[87.628434,43.680002],[87.629731,43.680178],[87.631027,43.680358],[87.632321,43.680544],[87.633614,43.680735],[87.634905,43.68093],[87.636195,43.681131],[87.637483,43.681337],[87.63877,43.681548],[87.640055,43.681765],[87.641339,43.681986],[87.642621,43.682212],[87.643901,43.682443],[87.645179,43.68268],[87.646456,43.682921],[87.64773,43.683167],[87.649003,43.683419],[87.650274,43.683675],[87.651543,43.683936],[87.65281,43.684203],[87.654075,43.684474],[87.655338,43.68475],[87.656599,43.685031],[87.657857,43.685318],[87.659114,43.685609],[87.660368,43.685905],[87.66162,43.686206],[87.66287,43.686512],[87.664118,43.686823],[87.665363,43.687138],[87.666605,43.687459],[87.667846,43.687784],[87.669083,43.688115],[87.670319,43.68845],[87.671552,43.68879],[87.672782,43.689135],[87.674009,43.689485],[87.675234,43.689839],[87.676456,43.690199],[87.677676,43.690563],[87.678893,43.690932],[87.680107,43.691306],[87.681318,43.691684],[87.682526,43.692068],[87.683732,43.692456],[87.684934,43.692849],[87.686133,43.693246],[87.68733,43.693648],[87.688523,43.694055],[87.689714,43.694467],[87.690901,43.694883],[87.692085,43.695304],[87.693266,43.695729],[87.694443,43.69616],[87.695618,43.696595],[87.696789,43.697034],[87.697957,43.697478],[87.699121,43.697927],[87.700282,43.69838],[87.70144,43.698838],[87.702594,43.6993],[87.703745,43.699767],[87.704892,43.700238],[87.706035,43.700714],[87.707175,43.701194],[87.708312,43.701679],[87.709444,43.702168],[87.710573,43.702662],[87.711699,43.70316],[87.71282,43.703662],[87.713938,43.704169],[87.715052,43.704681],[87.716161,43.705196],[87.717268,43.705716],[87.71837,43.706241],[87.719468,43.706769],[87.720562,43.707302],[87.721652,43.70784],[87.722738,43.708381],[87.72382,43.708927],[87.724898,43.709477],[87.725972,43.710032],[87.727042,43.71059],[87.728107,43.711153],[87.729168,43.71172],[87.730225,43.712291],[87.731277,43.712866],[87.732326,43.713445],[87.733369,43.714028],[87.734409,43.714616],[87.735444,43.715207],[87.736474,43.715803],[87.7375,43.716403],[87.738521,43.717006],[87.739538,43.717614],[87.740551,43.718226],[87.741558,43.718841],[87.742561,43.719461],[87.74356,43.720084],[87.744553,43.720712],[87.745542,43.721343],[87.746526,43.721978],[87.747506,43.722617],[87.74848,43.72326],[87.74945,43.723907],[87.750415,43.724557],[87.751374,43.725212],[87.752329,43.72587],[87.753279,43.726531],[87.754224,43.727197],[87.755164,43.727866],[87.756099,43.728539],[87.757029,43.729215],[87.757954,43.729895],[87.758873,43.730579],[87.759788,43.731266],[87.760697,43.731957],[87.761601,43.732652],[87.7625,43.73335],[87.763393,43.734051],[87.764281,43.734756],[87.765164,43.735465],[87.766042,43.736177],[87.766914,43.736892],[87.767781,43.737611],[87.768642,43.738333],[87.769498,43.739058],[87.770348,43.739787],[87.771193,43.74052],[87.772032,43.741255],[87.772866,43.741994],[87.773695,43.742736],[87.774517,43.743481],[87.775334,43.74423],[87.776146,43.744981],[87.776951,43.745736],[87.777751,43.746494],[87.778546,43.747255],[87.779334,43.748019],[87.780117,43.748787],[87.780894,43.749557],[87.781665,43.75033],[87.782431,43.751107],[87.78319,43.751886],[87.783944,43.752668],[87.784691,43.753454],[87.785433,43.754242],[87.786169,43.755033],[87.786899,43.755827],[87.787623,43.756624],[87.788341,43.757423],[87.789052,43.758226],[87.789758,43.759031],[87.790458,43.759839],[87.791152,43.760649],[87.791839,43.761463],[87.79252,43.762279],[87.793196,43.763097],[87.793865,43.763919],[87.794527,43.764743],[87.795184,43.765569],[87.795834,43.766398],[87.796479,43.76723],[87.797116,43.768064],[87.797748,43.768901],[87.798373,43.76974],[87.798992,43.770581],[87.799605,43.771425],[87.800211,43.772271],[87.800811,43.77312],[87.801404,43.773971],[87.801991,43.774824],[87.802572,43.77568],[87.803146,43.776537],[87.803713,43.777397],[87.804274,43.77826],[87.804829,43.779124],[87.805377,43.779991],[87.805919,43.780859],[87.806454,43.78173],[87.806982,43.782603],[87.807504,43.783478],[87.808019,43.784355],[87.808528,43.785234],[87.80903,43.786115],[87.809526,43.786997],[87.810014,43.787882],[87.810496,43.788769],[87.810972,43.789657],[87.81144,43.790548],[87.811902,43.79144],[87.812357,43.792334],[87.812806,43.79323],[87.813248,43.794127],[87.813683,43.795026],[87.814111,43.795927],[87.814532,43.79683],[87.814947,43.797734],[87.815354,43.79864],[87.815755,43.799547],[87.816149,43.800456],[87.816536,43.801366],[87.816917,43.802278],[87.81729,43.803191],[87.817657,43.804106],[87.818016,43.805022],[87.818369,43.80594],[87.818715,43.806859],[87.819054,43.807779],[87.819386,43.808701],[87.819711,43.809623],[87.820029,43.810548],[87.82034,43.811473],[87.820644,43.812399],[87.820941,43.813327],[87.821231,43.814256],[87.821514,43.815186],[87.82179,43.816117],[87.82206,43.817049],[87.822322,43.817982],[87.822577,43.818916],[87.822825,43.819851],[87.823065,43.820787],[87.823299,43.821724],[87.823526,43.822662],[87.823746,43.8236],[87.823958,43.82454],[87.824164,43.82548],[87.824362,43.826421],[87.824554,43.827363],[87.824738,43.828306],[87.824915,43.829249],[87.825085,43.830193],[87.825248,43.831137],[87.825404,43.832082],[87.825552,43.833028],[87.825694,43.833974],[87.825828,43.834921],[87.825955,43.835869],[87.826075,43.836816],[87.826188,43.837765],[87.826294,43.838713],[87.826393,43.839662],[87.826484,43.840612],[87.826568,43.841561],[87.826645,43.842511],[87.826715,43.843462],[87.826778,43.844412],[87.826834,43.845363],[87.826882,43.846314],[87.826923,43.847265],[87.826957,43.848216],[87.826984,43.849168],[87.827004,43.850119],[87.827017,43.851071],[87.827022,43.852022],[87.82702,43.852974],[87.827011,43.853925],[87.826995,43.854876],[87.826972,43.855828],[87.826941,43.856779],[87.826904,43.85773],[87.826859,43.858681],[87.826807,43.859631],[87.826748,43.860582],[87.826681,43.861532],[87.826608,43.862482],[87.826527,43.863431],[87.826439,43.86438],[87.826344,43.865329],[87.826242,43.866278],[87.826133,43.867226],[87.826016,43.868173],[87.825892,43.86912],[87.825762,43.870067],[87.825624,43.871013],[87.825479,43.871958],[87.825327,43.872903],[87.825167,43.873847],[87.825001,43.874791],[87.824827,43.875734],[87.824647,43.876676],[87.824459,43.877617],[87.824264,43.878558],[87.824062,43.879498],[87.823853,43.880437],[87.823637,43.881375],[87.823413,43.882312],[87.823183,43.883249],[87.822946,43.884184],[87.822701,43.885119],[87.82245,43.886052],[87.822191,43.886985],[87.821926,43.887916],[87.821653,43.888846],[87.821374,43.889776],[87.821087,43.890704],[87.820794,43.891631],[87.820493,43.892557],[87.820185,43.893481],[87.819871,43.894405],[87.819549,43.895327],[87.819221,43.896248],[87.818885,43.897167],[87.818543,43.898086],[87.818194,43.899002],[87.817838,43.899918],[87.817474,43.900832],[87.817104,43.901744],[87.816727,43.902655],[87.816344,43.903565],[87.815953,43.904473],[87.815556,43.90538],[87.815151,43.906284],[87.81474,43.907188],[87.814322,43.908089],[87.813897,43.908989],[87.813466,43.909888],[87.813028,43.910784],[87.812583,43.911679],[87.812131,43.912572],[87.811672,43.913463],[87.811207,43.914353],[87.810735,43.91524],[87.810256,43.916126],[87.809771,43.91701],[87.809279,43.917892],[87.80878,43.918772],[87.808275,43.91965],[87.807763,43.920526],[87.807244,43.9214],[87.806719,43.922271],[87.806187,43.923141],[87.805649,43.924009],[87.805104,43.924874],[87.804553,43.925738],[87.803995,43.926599],[87.80343,43.927458],[87.802859,43.928315],[87.802282,43.929169],[87.801698,43.930021],[87.801108,43.930871],[87.800512,43.931719],[87.799909,43.932564],[87.799299,43.933407],[87.798683,43.934247],[87.798061,43.935085],[87.797433,43.93592],[87.796798,43.936753],[87.796157,43.937584],[87.79551,43.938412],[87.794857,43.939237],[87.794197,43.94006],[87.793531,43.94088],[87.792859,43.941698],[87.79218,43.942513],[87.791496,43.943325],[87.790805,43.944134],[87.790109,43.944941],[87.789406,43.945745],[87.788697,43.946547],[87.787982,43.947345],[87.787262,43.948141],[87.786535,43.948933],[87.785802,43.949723],[87.785063,43.95051],[87.784318,43.951295],[87.783568,43.952076],[87.782811,43.952854],[87.782049,43.953629],[87.78128,43.954401],[87.780506,43.955171],[87.779726,43.955937],[87.778941,43.9567],[87.778149,43.95746],[87.777352,43.958217],[87.776549,43.95897],[87.775741,43.959721],[87.774926,43.960468],[87.774107,43.961213],[87.773281,43.961953],[87.77245,43.962691],[87.771613,43.963426],[87.770771,43.964157],[87.769924,43.964884],[87.769071,43.965609],[87.768212,43.96633],[87.767348,43.967048],[87.766478,43.967762],[87.765604,43.968473],[87.764723,43.96918],[87.763838,43.969884],[87.762947,43.970585],[87.762051,43.971282],[87.761149,43.971975],[87.760243,43.972665],[87.759331,43.973351],[87.758414,43.974034],[87.757492,43.974713],[87.756565,43.975389],[87.755632,43.976061],[87.754695,43.976729],[87.753752,43.977393],[87.752805,43.978054],[87.751852,43.978711],[87.750895,43.979365],[87.749933,43.980014],[87.748966,43.98066],[87.747993,43.981302],[87.747017,43.98194],[87.746035,43.982574],[87.745048,43.983205],[87.744057,43.983831],[87.743061,43.984454],[87.74206,43.985073],[87.741055,43.985688],[87.740045,43.986299],[87.73903,43.986906],[87.738011,43.987508],[87.736988,43.988107],[87.735959,43.988702],[87.734927,43.989293],[87.73389,43.98988],[87.732848,43.990463],[87.731802,43.991041],[87.730752,43.991616],[87.729697,43.992186],[87.728638,43.992753],[87.727575,43.993315],[87.726507,43.993873],[87.725436,43.994426],[87.72436,43.994976],[87.72328,43.995521],[87.722196,43.996062],[87.721108,43.996599],[87.720016,43.997132],[87.718919,43.99766],[87.717819,43.998184],[87.716715,43.998704],[87.715607,43.999219],[87.714495,43.99973],[87.713379,44.000237],[87.71226,44.000739],[87.711136,44.001237],[87.710009,44.00173],[87.708878,44.002219],[87.707744,44.002704],[87.706606,44.003184],[87.705464,44.003659],[87.704319,44.004131],[87.70317,44.004597],[87.702017,44.005059],[87.700861,44.005517],[87.699702,44.00597],[87.698539,44.006419],[87.697373,44.006863],[87.696204,44.007302],[87.695031,44.007737],[87.693855,44.008167],[87.692676,44.008593],[87.691493,44.009014],[87.690308,44.00943],[87.689119,44.009842],[87.687927,44.010249],[87.686732,44.010652],[87.685534,44.011049],[87.684333,44.011442],[87.683129,44.011831],[87.681922,44.012214],[87.680713,44.012593],[87.6795,44.012967],[87.678285,44.013337],[87.677067,44.013701],[87.675846,44.014061],[87.674622,44.014416],[87.673396,44.014767],[87.672167,44.015112],[87.670935,44.015453],[87.669701,44.015788],[87.668465,44.016119],[87.667226,44.016446],[87.665984,44.016767],[87.66474,44.017083],[87.663494,44.017395],[87.662246,44.017702],[87.660995,44.018003],[87.659741,44.0183],[87.658486,44.018592],[87.657228,44.018879],[87.655969,44.019161],[87.654707,44.019439],[87.653443,44.019711],[87.652177,44.019978],[87.650909,44.020241],[87.649639,44.020498],[87.648367,44.02075],[87.647093,44.020998],[87.645818,44.02124],[87.64454,44.021478],[87.643261,44.02171],[87.64198,44.021938],[87.640697,44.02216],[87.639413,44.022377],[87.638127,44.02259],[87.636839,44.022797],[87.63555,44.022999],[87.63426,44.023197],[87.632968,44.023389],[87.631674,44.023576],[87.630379,44.023758],[87.629083,44.023935],[87.627785,44.024107],[87.626486,44.024274],[87.625186,44.024436],[87.623885,44.024592],[87.622583,44.024744],[87.621279,44.024891],[87.619974,44.025032],[87.618668,44.025168],[87.617362,44.025299],[87.616054,44.025425],[87.614745,44.025546],[87.613436,44.025662],[87.612125,44.025773],[87.610814,44.025879],[87.609502,44.025979],[87.608189,44.026074],[87.606876,44.026164],[87.605562,44.02625],[87.604247,44.026329],[87.602932,44.026404],[87.601616,44.026474],[87.600299,44.026538],[87.598982,44.026598],[87.597665,44.026652],[87.596347,44.026701],[87.595029,44.026745],[87.593711,44.026783],[87.592392,44.026817],[87.591074,44.026845],[87.589755,44.026868],[87.588435,44.026886],[87.587116,44.026899],[87.585797,44.026907],[87.584477,44.02691]]]},"properties":{"name":"乌鲁木齐县","time":"2018.01.08 00:00-2020.01.08 24:00"}},{"type":"Feature","geometry":{"type":"Polygon","coordinates":[[[89.183816,43.017801],[89.183144,43.017798],[89.182472,43.017791],[89.1818,43.017777],[89.181129,43.017759],[89.180458,43.017735],[89.179787,43.017707],[89.179117,43.017672],[89.178447,43.017633],[89.177778,43.017589],[89.177109,43.017539],[89.176441,43.017484],[89.175775,43.017424],[89.175109,43.017358],[89.174444,43.017288],[89.17378,43.017212],[89.173117,43.017131],[89.172455,43.017045],[89.171795,43.016953],[89.171136,43.016857],[89.170479,43.016755],[89.169823,43.016648],[89.169169,43.016536],[89.168516,43.016419],[89.167865,43.016297],[89.167216,43.01617],[89.166569,43.016038],[89.165924,43.015901],[89.165281,43.015758],[89.16464,43.015611],[89.164001,43.015459],[89.163364,43.015301],[89.16273,43.015139],[89.162098,43.014972],[89.161469,43.0148],[89.160842,43.014623],[89.160218,43.014441],[89.159597,43.014254],[89.158978,43.014062],[89.158362,43.013866],[89.157749,43.013665],[89.157139,43.013459],[89.156532,43.013248],[89.155928,43.013032],[89.155328,43.012812],[89.15473,43.012587],[89.154136,43.012358],[89.153546,43.012123],[89.152958,43.011885],[89.152375,43.011641],[89.151795,43.011393],[89.151218,43.011141],[89.150645,43.010884],[89.150076,43.010622],[89.149511,43.010357],[89.14895,43.010086],[89.148393,43.009812],[89.14784,43.009533],[89.147291,43.00925],[89.146746,43.008962],[89.146205,43.00867],[89.145669,43.008374],[89.145137,43.008074],[89.144609,43.00777],[89.144086,43.007461],[89.143568,43.007149],[89.143054,43.006832],[89.142544,43.006512],[89.14204,43.006187],[89.14154,43.005859],[89.141045,43.005527],[89.140555,43.005191],[89.14007,43.004851],[89.13959,43.004507],[89.139114,43.004159],[89.138644,43.003808],[89.13818,43.003453],[89.13772,43.003095],[89.137265,43.002733],[89.136816,43.002367],[89.136373,43.001998],[89.135934,43.001626],[89.135502,43.00125],[89.135074,43.000871],[89.134653,43.000488],[89.134236,43.000102],[89.133826,42.999713],[89.133421,42.999321],[89.133022,42.998926],[89.132629,42.998527],[89.132242,42.998126],[89.13186,42.997721],[89.131485,42.997314],[89.131115,42.996903],[89.130751,42.99649],[89.130394,42.996074],[89.130043,42.995655],[89.129697,42.995233],[89.129358,42.994809],[89.129025,42.994382],[89.128699,42.993952],[89.128378,42.99352],[89.128064,42.993086],[89.127757,42.992649],[89.127456,42.99221],[89.127161,42.991768],[89.126873,42.991324],[89.126591,42.990878],[89.126316,42.990429],[89.126047,42.989979],[89.125785,42.989526],[89.125529,42.989072],[89.12528,42.988615],[89.125038,42.988157],[89.124803,42.987696],[89.124574,42.987234],[89.124352,42.98677],[89.124137,42.986305],[89.123929,42.985837],[89.123727,42.985368],[89.123533,42.984898],[89.123345,42.984426],[89.123164,42.983952],[89.12299,42.983478],[89.122823,42.983002],[89.122663,42.982524],[89.12251,42.982045],[89.122364,42.981566],[89.122225,42.981085],[89.122093,42.980603],[89.121968,42.98012],[89.12185,42.979636],[89.12174,42.979151],[89.121636,42.978665],[89.121539,42.978179],[89.12145,42.977691],[89.121368,42.977204],[89.121292,42.976715],[89.121224,42.976226],[89.121163,42.975736],[89.121109,42.975246],[89.121063,42.974756],[89.121023,42.974265],[89.120991,42.973774],[89.120966,42.973283],[89.120948,42.972791],[89.120937,42.9723],[89.120934,42.971808],[89.120937,42.971316],[89.120948,42.970825],[89.120966,42.970333],[89.120991,42.969842],[89.121023,42.969351],[89.121063,42.96886],[89.121109,42.96837],[89.121163,42.96788],[89.121224,42.96739],[89.121292,42.966901],[89.121368,42.966412],[89.12145,42.965924],[89.121539,42.965437],[89.121636,42.96495],[89.12174,42.964464],[89.12185,42.963979],[89.121968,42.963495],[89.122093,42.963012],[89.122225,42.96253],[89.122364,42.962049],[89.12251,42.961569],[89.122663,42.96109],[89.122823,42.960613],[89.12299,42.960136],[89.123164,42.959661],[89.123345,42.959188],[89.123533,42.958716],[89.123727,42.958245],[89.123929,42.957776],[89.124137,42.957308],[89.124352,42.956842],[89.124574,42.956378],[89.124803,42.955916],[89.125038,42.955455],[89.12528,42.954996],[89.125529,42.95454],[89.125785,42.954085],[89.126047,42.953632],[89.126316,42.953181],[89.126591,42.952733],[89.126873,42.952286],[89.127161,42.951842],[89.127456,42.9514],[89.127757,42.95096],[89.128064,42.950523],[89.128378,42.950088],[89.128699,42.949656],[89.129025,42.949226],[89.129358,42.948799],[89.129697,42.948374],[89.130043,42.947952],[89.130394,42.947533],[89.130751,42.947116],[89.131115,42.946703],[89.131485,42.946292],[89.13186,42.945884],[89.132242,42.945479],[89.132629,42.945077],[89.133022,42.944679],[89.133421,42.944283],[89.133826,42.94389],[89.134236,42.943501],[89.134653,42.943115],[89.135074,42.942732],[89.135502,42.942352],[89.135934,42.941976],[89.136373,42.941603],[89.136816,42.941234],[89.137265,42.940868],[89.13772,42.940505],[89.13818,42.940147],[89.138644,42.939791],[89.139114,42.93944],[89.13959,42.939092],[89.14007,42.938748],[89.140555,42.938408],[89.141045,42.938071],[89.14154,42.937738],[89.14204,42.93741],[89.142544,42.937085],[89.143054,42.936764],[89.143568,42.936447],[89.144086,42.936134],[89.144609,42.935825],[89.145137,42.935521],[89.145669,42.93522],[89.146205,42.934924],[89.146746,42.934632],[89.147291,42.934344],[89.14784,42.93406],[89.148393,42.933781],[89.14895,42.933506],[89.149511,42.933235],[89.150076,42.932969],[89.150645,42.932708],[89.151218,42.93245],[89.151795,42.932198],[89.152375,42.931949],[89.152958,42.931706],[89.153546,42.931466],[89.154136,42.931232],[89.15473,42.931002],[89.155328,42.930777],[89.155928,42.930556],[89.156532,42.93034],[89.157139,42.930129],[89.157749,42.929923],[89.158362,42.929721],[89.158978,42.929525],[89.159597,42.929333],[89.160218,42.929146],[89.160842,42.928964],[89.161469,42.928786],[89.162098,42.928614],[89.16273,42.928446],[89.163364,42.928284],[89.164001,42.928126],[89.16464,42.927974],[89.165281,42.927826],[89.165924,42.927684],[89.166569,42.927546],[89.167216,42.927414],[89.167865,42.927287],[89.168516,42.927164],[89.169169,42.927047],[89.169823,42.926935],[89.170479,42.926828],[89.171136,42.926726],[89.171795,42.92663],[89.172455,42.926538],[89.173117,42.926452],[89.17378,42.926371],[89.174444,42.926295],[89.175109,42.926224],[89.175775,42.926159],[89.176441,42.926098],[89.177109,42.926043],[89.177778,42.925994],[89.178447,42.925949],[89.179117,42.92591],[89.179787,42.925875],[89.180458,42.925846],[89.181129,42.925823],[89.1818,42.925804],[89.182472,42.925791],[89.183144,42.925783],[89.183816,42.925781],[89.184488,42.925783],[89.185159,42.925791],[89.185831,42.925804],[89.186503,42.925823],[89.187174,42.925846],[89.187845,42.925875],[89.188515,42.92591],[89.189185,42.925949],[89.189854,42.925994],[89.190522,42.926043],[89.19119,42.926098],[89.191857,42.926159],[89.192523,42.926224],[89.193188,42.926295],[89.193852,42.926371],[89.194514,42.926452],[89.195176,42.926538],[89.195836,42.92663],[89.196495,42.926726],[89.197152,42.926828],[89.197808,42.926935],[89.198463,42.927047],[89.199115,42.927164],[89.199766,42.927287],[89.200415,42.927414],[89.201062,42.927546],[89.201707,42.927684],[89.202351,42.927826],[89.202992,42.927974],[89.20363,42.928126],[89.204267,42.928284],[89.204901,42.928446],[89.205533,42.928614],[89.206162,42.928786],[89.206789,42.928964],[89.207413,42.929146],[89.208035,42.929333],[89.208653,42.929525],[89.209269,42.929721],[89.209882,42.929923],[89.210492,42.930129],[89.211099,42.93034],[89.211703,42.930556],[89.212304,42.930777],[89.212901,42.931002],[89.213495,42.931232],[89.214086,42.931466],[89.214673,42.931706],[89.215257,42.931949],[89.215837,42.932198],[89.216413,42.93245],[89.216986,42.932708],[89.217555,42.932969],[89.21812,42.933235],[89.218681,42.933506],[89.219238,42.933781],[89.219792,42.93406],[89.220341,42.934344],[89.220885,42.934632],[89.221426,42.934924],[89.221962,42.93522],[89.222494,42.935521],[89.223022,42.935825],[89.223545,42.936134],[89.224064,42.936447],[89.224578,42.936764],[89.225087,42.937085],[89.225592,42.93741],[89.226091,42.937738],[89.226586,42.938071],[89.227076,42.938408],[89.227562,42.938748],[89.228042,42.939092],[89.228517,42.93944],[89.228987,42.939791],[89.229452,42.940147],[89.229912,42.940505],[89.230366,42.940868],[89.230815,42.941234],[89.231259,42.941603],[89.231697,42.941976],[89.23213,42.942352],[89.232557,42.942732],[89.232979,42.943115],[89.233395,42.943501],[89.233805,42.94389],[89.23421,42.944283],[89.234609,42.944679],[89.235002,42.945077],[89.23539,42.945479],[89.235771,42.945884],[89.236147,42.946292],[89.236516,42.946703],[89.23688,42.947116],[89.237237,42.947533],[89.237589,42.947952],[89.237934,42.948374],[89.238273,42.948799],[89.238606,42.949226],[89.238933,42.949656],[89.239253,42.950088],[89.239567,42.950523],[89.239874,42.95096],[89.240176,42.9514],[89.24047,42.951842],[89.240759,42.952286],[89.241041,42.952733],[89.241316,42.953181],[89.241585,42.953632],[89.241847,42.954085],[89.242102,42.95454],[89.242351,42.954996],[89.242593,42.955455],[89.242829,42.955916],[89.243057,42.956378],[89.243279,42.956842],[89.243494,42.957308],[89.243703,42.957776],[89.243904,42.958245],[89.244099,42.958716],[89.244286,42.959188],[89.244467,42.959661],[89.244641,42.960136],[89.244808,42.960613],[89.244968,42.96109],[89.245121,42.961569],[89.245267,42.962049],[89.245406,42.96253],[89.245538,42.963012],[89.245663,42.963495],[89.245781,42.963979],[89.245892,42.964464],[89.245995,42.96495],[89.246092,42.965437],[89.246181,42.965924],[89.246264,42.966412],[89.246339,42.966901],[89.246407,42.96739],[89.246468,42.96788],[89.246522,42.96837],[89.246569,42.96886],[89.246608,42.969351],[89.24664,42.969842],[89.246665,42.970333],[89.246683,42.970825],[89.246694,42.971316],[89.246698,42.971808],[89.246694,42.9723],[89.246683,42.972791],[89.246665,42.973283],[89.24664,42.973774],[89.246608,42.974265],[89.246569,42.974756],[89.246522,42.975246],[89.246468,42.975736],[89.246407,42.976226],[89.246339,42.976715],[89.246264,42.977204],[89.246181,42.977691],[89.246092,42.978179],[89.245995,42.978665],[89.245892,42.979151],[89.245781,42.979636],[89.245663,42.98012],[89.245538,42.980603],[89.245406,42.981085],[89.245267,42.981566],[89.245121,42.982045],[89.244968,42.982524],[89.244808,42.983002],[89.244641,42.983478],[89.244467,42.983952],[89.244286,42.984426],[89.244099,42.984898],[89.243904,42.985368],[89.243703,42.985837],[89.243494,42.986305],[89.243279,42.98677],[89.243057,42.987234],[89.242829,42.987696],[89.242593,42.988157],[89.242351,42.988615],[89.242102,42.989072],[89.241847,42.989526],[89.241585,42.989979],[89.241316,42.990429],[89.241041,42.990878],[89.240759,42.991324],[89.24047,42.991768],[89.240176,42.99221],[89.239874,42.992649],[89.239567,42.993086],[89.239253,42.99352],[89.238933,42.993952],[89.238606,42.994382],[89.238273,42.994809],[89.237934,42.995233],[89.237589,42.995655],[89.237237,42.996074],[89.23688,42.99649],[89.236516,42.996903],[89.236147,42.997314],[89.235771,42.997721],[89.23539,42.998126],[89.235002,42.998527],[89.234609,42.998926],[89.23421,42.999321],[89.233805,42.999713],[89.233395,43.000102],[89.232979,43.000488],[89.232557,43.000871],[89.23213,43.00125],[89.231697,43.001626],[89.231259,43.001998],[89.230815,43.002367],[89.230366,43.002733],[89.229912,43.003095],[89.229452,43.003453],[89.228987,43.003808],[89.228517,43.004159],[89.228042,43.004507],[89.227562,43.004851],[89.227076,43.005191],[89.226586,43.005527],[89.226091,43.005859],[89.225592,43.006187],[89.225087,43.006512],[89.224578,43.006832],[89.224064,43.007149],[89.223545,43.007461],[89.223022,43.00777],[89.222494,43.008074],[89.221962,43.008374],[89.221426,43.00867],[89.220885,43.008962],[89.220341,43.00925],[89.219792,43.009533],[89.219238,43.009812],[89.218681,43.010086],[89.21812,43.010357],[89.217555,43.010622],[89.216986,43.010884],[89.216413,43.011141],[89.215837,43.011393],[89.215257,43.011641],[89.214673,43.011885],[89.214086,43.012123],[89.213495,43.012358],[89.212901,43.012587],[89.212304,43.012812],[89.211703,43.013032],[89.211099,43.013248],[89.210492,43.013459],[89.209882,43.013665],[89.209269,43.013866],[89.208653,43.014062],[89.208035,43.014254],[89.207413,43.014441],[89.206789,43.014623],[89.206162,43.0148],[89.205533,43.014972],[89.204901,43.015139],[89.204267,43.015301],[89.20363,43.015459],[89.202992,43.015611],[89.202351,43.015758],[89.201707,43.015901],[89.201062,43.016038],[89.200415,43.01617],[89.199766,43.016297],[89.199115,43.016419],[89.198463,43.016536],[89.197808,43.016648],[89.197152,43.016755],[89.196495,43.016857],[89.195836,43.016953],[89.195176,43.017045],[89.194514,43.017131],[89.193852,43.017212],[89.193188,43.017288],[89.192523,43.017358],[89.191857,43.017424],[89.19119,43.017484],[89.190522,43.017539],[89.189854,43.017589],[89.189185,43.017633],[89.188515,43.017672],[89.187845,43.017707],[89.187174,43.017735],[89.186503,43.017759],[89.185831,43.017777],[89.185159,43.017791],[89.184488,43.017798],[89.183816,43.017801]]]},"properties":{"name":"吐鲁番市","time":"2018.01.08 00:00-2020.01.08 24:00"}},{"type":"Feature","geometry":{"type":"Polygon","coordinates":[[[82.984747,46.804149],[82.983985,46.804147],[82.983224,46.804139],[82.982463,46.804127],[82.981701,46.80411],[82.98094,46.804088],[82.98018,46.804061],[82.97942,46.804029],[82.97866,46.803992],[82.977901,46.80395],[82.977142,46.803904],[82.976384,46.803852],[82.975627,46.803796],[82.974871,46.803735],[82.974116,46.803669],[82.973361,46.803598],[82.972608,46.803522],[82.971855,46.803441],[82.971104,46.803355],[82.970354,46.803265],[82.969605,46.80317],[82.968858,46.80307],[82.968112,46.802965],[82.967367,46.802855],[82.966624,46.802741],[82.965883,46.802622],[82.965143,46.802498],[82.964405,46.802369],[82.963669,46.802235],[82.962934,46.802097],[82.962202,46.801954],[82.961472,46.801806],[82.960743,46.801654],[82.960017,46.801497],[82.959293,46.801335],[82.958571,46.801168],[82.957852,46.800997],[82.957135,46.800821],[82.95642,46.800641],[82.955708,46.800456],[82.954999,46.800267],[82.954292,46.800073],[82.953588,46.799874],[82.952887,46.799671],[82.952188,46.799463],[82.951492,46.799251],[82.9508,46.799034],[82.95011,46.798813],[82.949423,46.798587],[82.94874,46.798357],[82.94806,46.798123],[82.947383,46.797884],[82.946709,46.797641],[82.946038,46.797394],[82.945372,46.797142],[82.944708,46.796886],[82.944048,46.796625],[82.943392,46.796361],[82.942739,46.796092],[82.942091,46.795819],[82.941446,46.795542],[82.940804,46.795261],[82.940167,46.794975],[82.939534,46.794686],[82.938904,46.794392],[82.938279,46.794094],[82.937658,46.793793],[82.937041,46.793487],[82.936428,46.793177],[82.93582,46.792864],[82.935216,46.792546],[82.934616,46.792225],[82.934021,46.7919],[82.93343,46.79157],[82.932844,46.791238],[82.932262,46.790901],[82.931685,46.790561],[82.931113,46.790217],[82.930545,46.789869],[82.929983,46.789517],[82.929425,46.789162],[82.928872,46.788804],[82.928324,46.788442],[82.927781,46.788076],[82.927243,46.787707],[82.92671,46.787334],[82.926183,46.786958],[82.92566,46.786579],[82.925143,46.786196],[82.924631,46.78581],[82.924124,46.78542],[82.923623,46.785028],[82.923127,46.784632],[82.922637,46.784233],[82.922152,46.783831],[82.921673,46.783425],[82.921199,46.783017],[82.920731,46.782605],[82.920269,46.782191],[82.919813,46.781774],[82.919362,46.781353],[82.918917,46.78093],[82.918477,46.780504],[82.918044,46.780075],[82.917617,46.779643],[82.917195,46.779209],[82.91678,46.778772],[82.91637,46.778332],[82.915967,46.77789],[82.91557,46.777445],[82.915179,46.776997],[82.914794,46.776547],[82.914415,46.776095],[82.914043,46.77564],[82.913676,46.775182],[82.913316,46.774723],[82.912963,46.774261],[82.912616,46.773796],[82.912275,46.77333],[82.911941,46.772861],[82.911613,46.772391],[82.911291,46.771918],[82.910976,46.771443],[82.910668,46.770966],[82.910366,46.770487],[82.910071,46.770006],[82.909783,46.769523],[82.909501,46.769039],[82.909225,46.768552],[82.908957,46.768064],[82.908695,46.767574],[82.90844,46.767083],[82.908192,46.766589],[82.90795,46.766095],[82.907716,46.765598],[82.907488,46.765101],[82.907267,46.764601],[82.907053,46.764101],[82.906846,46.763599],[82.906645,46.763095],[82.906452,46.762591],[82.906265,46.762085],[82.906086,46.761578],[82.905914,46.76107],[82.905748,46.76056],[82.90559,46.76005],[82.905438,46.759539],[82.905294,46.759027],[82.905156,46.758513],[82.905026,46.757999],[82.904903,46.757484],[82.904787,46.756969],[82.904678,46.756452],[82.904576,46.755935],[82.904481,46.755418],[82.904393,46.754899],[82.904313,46.75438],[82.904239,46.753861],[82.904173,46.753341],[82.904114,46.752821],[82.904062,46.7523],[82.904017,46.751779],[82.90398,46.751258],[82.903949,46.750737],[82.903926,46.750215],[82.90391,46.749694],[82.903901,46.749172],[82.903899,46.74865],[82.903904,46.748128],[82.903917,46.747606],[82.903937,46.747085],[82.903963,46.746563],[82.903997,46.746042],[82.904039,46.745521],[82.904087,46.745],[82.904143,46.744479],[82.904205,46.743959],[82.904275,46.74344],[82.904352,46.74292],[82.904436,46.742402],[82.904528,46.741883],[82.904626,46.741366],[82.904731,46.740849],[82.904844,46.740333],[82.904964,46.739817],[82.90509,46.739303],[82.905224,46.738789],[82.905365,46.738276],[82.905513,46.737764],[82.905668,46.737253],[82.90583,46.736743],[82.905999,46.736234],[82.906175,46.735726],[82.906358,46.735219],[82.906548,46.734714],[82.906745,46.73421],[82.906948,46.733707],[82.907159,46.733205],[82.907376,46.732705],[82.907601,46.732206],[82.907832,46.731709],[82.90807,46.731213],[82.908315,46.730719],[82.908567,46.730226],[82.908825,46.729735],[82.90909,46.729245],[82.909362,46.728758],[82.909641,46.728272],[82.909926,46.727788],[82.910218,46.727306],[82.910516,46.726825],[82.910821,46.726347],[82.911133,46.725871],[82.911451,46.725396],[82.911776,46.724924],[82.912107,46.724454],[82.912445,46.723986],[82.912789,46.72352],[82.913139,46.723057],[82.913496,46.722595],[82.913859,46.722136],[82.914228,46.72168],[82.914604,46.721226],[82.914985,46.720774],[82.915374,46.720325],[82.915768,46.719878],[82.916168,46.719434],[82.916574,46.718992],[82.916987,46.718553],[82.917405,46.718117],[82.91783,46.717683],[82.91826,46.717252],[82.918696,46.716824],[82.919138,46.716399],[82.919586,46.715977],[82.92004,46.715558],[82.9205,46.715141],[82.920965,46.714728],[82.921436,46.714317],[82.921912,46.71391],[82.922394,46.713506],[82.922882,46.713104],[82.923375,46.712706],[82.923873,46.712312],[82.924377,46.71192],[82.924886,46.711532],[82.925401,46.711147],[82.925921,46.710765],[82.926446,46.710387],[82.926976,46.710012],[82.927511,46.709641],[82.928052,46.709273],[82.928597,46.708908],[82.929148,46.708547],[82.929703,46.70819],[82.930263,46.707836],[82.930828,46.707486],[82.931398,46.70714],[82.931973,46.706797],[82.932552,46.706458],[82.933136,46.706123],[82.933725,46.705791],[82.934318,46.705463],[82.934915,46.70514],[82.935517,46.70482],[82.936123,46.704504],[82.936734,46.704191],[82.937349,46.703883],[82.937968,46.703579],[82.938591,46.703279],[82.939218,46.702983],[82.93985,46.702691],[82.940485,46.702403],[82.941124,46.702119],[82.941768,46.701839],[82.942415,46.701563],[82.943065,46.701292],[82.94372,46.701025],[82.944378,46.700762],[82.945039,46.700503],[82.945705,46.700249],[82.946373,46.699999],[82.947045,46.699753],[82.947721,46.699512],[82.948399,46.699275],[82.949081,46.699042],[82.949766,46.698814],[82.950454,46.69859],[82.951146,46.698371],[82.95184,46.698156],[82.952537,46.697946],[82.953237,46.69774],[82.95394,46.697538],[82.954645,46.697342],[82.955353,46.697149],[82.956064,46.696962],[82.956777,46.696779],[82.957493,46.6966],[82.958211,46.696427],[82.958932,46.696258],[82.959655,46.696093],[82.96038,46.695933],[82.961107,46.695778],[82.961837,46.695628],[82.962568,46.695482],[82.963301,46.695341],[82.964037,46.695205],[82.964774,46.695074],[82.965513,46.694947],[82.966253,46.694825],[82.966995,46.694708],[82.967739,46.694596],[82.968484,46.694488],[82.969231,46.694386],[82.969979,46.694288],[82.970729,46.694195],[82.971479,46.694107],[82.972231,46.694023],[82.972984,46.693945],[82.973738,46.693871],[82.974493,46.693803],[82.975249,46.693739],[82.976006,46.69368],[82.976763,46.693626],[82.977521,46.693577],[82.97828,46.693532],[82.97904,46.693493],[82.9798,46.693459],[82.98056,46.693429],[82.981321,46.693405],[82.982082,46.693385],[82.982843,46.69337],[82.983605,46.69336],[82.984366,46.693355],[82.985128,46.693355],[82.985889,46.69336],[82.986651,46.69337],[82.987412,46.693385],[82.988173,46.693405],[82.988934,46.693429],[82.989694,46.693459],[82.990454,46.693493],[82.991214,46.693532],[82.991973,46.693577],[82.992731,46.693626],[82.993488,46.69368],[82.994245,46.693739],[82.995001,46.693803],[82.995756,46.693871],[82.99651,46.693945],[82.997263,46.694023],[82.998015,46.694107],[82.998765,46.694195],[82.999515,46.694288],[83.000263,46.694386],[83.00101,46.694488],[83.001755,46.694596],[83.002499,46.694708],[83.003241,46.694825],[83.003981,46.694947],[83.00472,46.695074],[83.005457,46.695205],[83.006193,46.695341],[83.006926,46.695482],[83.007657,46.695628],[83.008387,46.695778],[83.009114,46.695933],[83.009839,46.696093],[83.010562,46.696258],[83.011283,46.696427],[83.012001,46.6966],[83.012717,46.696779],[83.01343,46.696962],[83.014141,46.697149],[83.014849,46.697342],[83.015554,46.697538],[83.016257,46.69774],[83.016957,46.697946],[83.017654,46.698156],[83.018348,46.698371],[83.01904,46.69859],[83.019728,46.698814],[83.020413,46.699042],[83.021095,46.699275],[83.021773,46.699512],[83.022449,46.699753],[83.023121,46.699999],[83.023789,46.700249],[83.024455,46.700503],[83.025116,46.700762],[83.025774,46.701025],[83.026429,46.701292],[83.027079,46.701563],[83.027726,46.701839],[83.02837,46.702119],[83.029009,46.702403],[83.029644,46.702691],[83.030276,46.702983],[83.030903,46.703279],[83.031526,46.703579],[83.032145,46.703883],[83.03276,46.704191],[83.033371,46.704504],[83.033977,46.70482],[83.034579,46.70514],[83.035176,46.705463],[83.035769,46.705791],[83.036358,46.706123],[83.036942,46.706458],[83.037521,46.706797],[83.038096,46.70714],[83.038666,46.707486],[83.039231,46.707836],[83.039791,46.70819],[83.040346,46.708547],[83.040897,46.708908],[83.041442,46.709273],[83.041983,46.709641],[83.042518,46.710012],[83.043048,46.710387],[83.043573,46.710765],[83.044093,46.711147],[83.044608,46.711532],[83.045117,46.71192],[83.045621,46.712312],[83.046119,46.712706],[83.046612,46.713104],[83.0471,46.713506],[83.047582,46.71391],[83.048058,46.714317],[83.048529,46.714728],[83.048994,46.715141],[83.049454,46.715558],[83.049908,46.715977],[83.050356,46.716399],[83.050798,46.716824],[83.051234,46.717252],[83.051664,46.717683],[83.052089,46.718117],[83.052507,46.718553],[83.05292,46.718992],[83.053326,46.719434],[83.053726,46.719878],[83.05412,46.720325],[83.054509,46.720774],[83.05489,46.721226],[83.055266,46.72168],[83.055635,46.722136],[83.055998,46.722595],[83.056355,46.723057],[83.056705,46.72352],[83.057049,46.723986],[83.057387,46.724454],[83.057718,46.724924],[83.058043,46.725396],[83.058361,46.725871],[83.058673,46.726347],[83.058978,46.726825],[83.059276,46.727306],[83.059568,46.727788],[83.059853,46.728272],[83.060132,46.728758],[83.060404,46.729245],[83.060669,46.729735],[83.060927,46.730226],[83.061179,46.730719],[83.061424,46.731213],[83.061662,46.731709],[83.061893,46.732206],[83.062118,46.732705],[83.062335,46.733205],[83.062546,46.733707],[83.062749,46.73421],[83.062946,46.734714],[83.063136,46.735219],[83.063319,46.735726],[83.063495,46.736234],[83.063664,46.736743],[83.063826,46.737253],[83.063981,46.737764],[83.064129,46.738276],[83.06427,46.738789],[83.064404,46.739303],[83.06453,46.739817],[83.06465,46.740333],[83.064763,46.740849],[83.064868,46.741366],[83.064966,46.741883],[83.065058,46.742402],[83.065142,46.74292],[83.065219,46.74344],[83.065289,46.743959],[83.065351,46.744479],[83.065407,46.745],[83.065455,46.745521],[83.065497,46.746042],[83.065531,46.746563],[83.065557,46.747085],[83.065577,46.747606],[83.06559,46.748128],[83.065595,46.74865],[83.065593,46.749172],[83.065584,46.749694],[83.065568,46.750215],[83.065545,46.750737],[83.065514,46.751258],[83.065477,46.751779],[83.065432,46.7523],[83.06538,46.752821],[83.065321,46.753341],[83.065255,46.753861],[83.065181,46.75438],[83.065101,46.754899],[83.065013,46.755418],[83.064918,46.755935],[83.064816,46.756452],[83.064707,46.756969],[83.064591,46.757484],[83.064468,46.757999],[83.064338,46.758513],[83.0642,46.759027],[83.064056,46.759539],[83.063904,46.76005],[83.063746,46.76056],[83.06358,46.76107],[83.063408,46.761578],[83.063229,46.762085],[83.063042,46.762591],[83.062849,46.763095],[83.062648,46.763599],[83.062441,46.764101],[83.062227,46.764601],[83.062006,46.765101],[83.061778,46.765598],[83.061544,46.766095],[83.061302,46.766589],[83.061054,46.767083],[83.060799,46.767574],[83.060537,46.768064],[83.060269,46.768552],[83.059993,46.769039],[83.059711,46.769523],[83.059423,46.770006],[83.059128,46.770487],[83.058826,46.770966],[83.058518,46.771443],[83.058203,46.771918],[83.057881,46.772391],[83.057553,46.772861],[83.057219,46.77333],[83.056878,46.773796],[83.056531,46.774261],[83.056178,46.774723],[83.055818,46.775182],[83.055451,46.77564],[83.055079,46.776095],[83.0547,46.776547],[83.054315,46.776997],[83.053924,46.777445],[83.053527,46.77789],[83.053124,46.778332],[83.052714,46.778772],[83.052299,46.779209],[83.051877,46.779643],[83.05145,46.780075],[83.051017,46.780504],[83.050577,46.78093],[83.050132,46.781353],[83.049681,46.781774],[83.049225,46.782191],[83.048763,46.782605],[83.048295,46.783017],[83.047821,46.783425],[83.047342,46.783831],[83.046857,46.784233],[83.046367,46.784632],[83.045871,46.785028],[83.04537,46.78542],[83.044863,46.78581],[83.044351,46.786196],[83.043834,46.786579],[83.043311,46.786958],[83.042784,46.787334],[83.042251,46.787707],[83.041713,46.788076],[83.04117,46.788442],[83.040622,46.788804],[83.040069,46.789162],[83.039511,46.789517],[83.038949,46.789869],[83.038381,46.790217],[83.037809,46.790561],[83.037232,46.790901],[83.03665,46.791238],[83.036064,46.79157],[83.035473,46.7919],[83.034878,46.792225],[83.034278,46.792546],[83.033674,46.792864],[83.033066,46.793177],[83.032453,46.793487],[83.031836,46.793793],[83.031215,46.794094],[83.03059,46.794392],[83.02996,46.794686],[83.029327,46.794975],[83.02869,46.795261],[83.028048,46.795542],[83.027403,46.795819],[83.026755,46.796092],[83.026102,46.796361],[83.025446,46.796625],[83.024786,46.796886],[83.024122,46.797142],[83.023456,46.797394],[83.022785,46.797641],[83.022111,46.797884],[83.021434,46.798123],[83.020754,46.798357],[83.020071,46.798587],[83.019384,46.798813],[83.018694,46.799034],[83.018002,46.799251],[83.017306,46.799463],[83.016607,46.799671],[83.015906,46.799874],[83.015202,46.800073],[83.014495,46.800267],[83.013786,46.800456],[83.013074,46.800641],[83.012359,46.800821],[83.011642,46.800997],[83.010923,46.801168],[83.010201,46.801335],[83.009477,46.801497],[83.008751,46.801654],[83.008022,46.801806],[83.007292,46.801954],[83.00656,46.802097],[83.005825,46.802235],[83.005089,46.802369],[83.004351,46.802498],[83.003611,46.802622],[83.00287,46.802741],[83.002127,46.802855],[83.001382,46.802965],[83.000636,46.80307],[82.999889,46.80317],[82.99914,46.803265],[82.99839,46.803355],[82.997639,46.803441],[82.996886,46.803522],[82.996133,46.803598],[82.995378,46.803669],[82.994623,46.803735],[82.993867,46.803796],[82.99311,46.803852],[82.992352,46.803904],[82.991593,46.80395],[82.990834,46.803992],[82.990074,46.804029],[82.989314,46.804061],[82.988554,46.804088],[82.987793,46.80411],[82.987031,46.804127],[82.98627,46.804139],[82.985509,46.804147],[82.984747,46.804149]]]},"properties":{"name":"塔城市","time":"2018.01.08 00:00-2020.01.08 24:00"}},{"type":"Feature","geometry":{"type":"Polygon","coordinates":[[[86.054122,44.380904],[86.053279,44.380902],[86.052437,44.380894],[86.051595,44.380881],[86.050753,44.380863],[86.049911,44.38084],[86.049069,44.380812],[86.048228,44.380778],[86.047388,44.38074],[86.046547,44.380696],[86.045708,44.380648],[86.044869,44.380594],[86.04403,44.380535],[86.043193,44.380471],[86.042356,44.380402],[86.04152,44.380327],[86.040685,44.380248],[86.039851,44.380164],[86.039018,44.380074],[86.038186,44.37998],[86.037355,44.37988],[86.036525,44.379775],[86.035697,44.379666],[86.03487,44.379551],[86.034044,44.379431],[86.03322,44.379306],[86.032398,44.379176],[86.031577,44.379041],[86.030757,44.378901],[86.029939,44.378757],[86.029124,44.378607],[86.028309,44.378452],[86.027497,44.378292],[86.026687,44.378127],[86.025879,44.377958],[86.025072,44.377783],[86.024268,44.377604],[86.023466,44.377419],[86.022667,44.37723],[86.021869,44.377036],[86.021074,44.376837],[86.020281,44.376633],[86.019491,44.376425],[86.018703,44.376211],[86.017918,44.375993],[86.017136,44.37577],[86.016356,44.375542],[86.015579,44.37531],[86.014804,44.375073],[86.014033,44.374831],[86.013264,44.374584],[86.012499,44.374333],[86.011736,44.374077],[86.010977,44.373816],[86.010221,44.373551],[86.009467,44.373281],[86.008718,44.373007],[86.007971,44.372728],[86.007228,44.372444],[86.006488,44.372156],[86.005752,44.371864],[86.005019,44.371567],[86.00429,44.371265],[86.003564,44.370959],[86.002842,44.370649],[86.002124,44.370334],[86.001409,44.370015],[86.000699,44.369692],[85.999992,44.369364],[85.999289,44.369032],[85.99859,44.368696],[85.997895,44.368355],[85.997205,44.36801],[85.996518,44.367661],[85.995836,44.367308],[85.995158,44.366951],[85.994484,44.36659],[85.993814,44.366224],[85.993149,44.365854],[85.992488,44.365481],[85.991832,44.365103],[85.99118,44.364722],[85.990533,44.364336],[85.989891,44.363946],[85.989253,44.363553],[85.98862,44.363156],[85.987991,44.362755],[85.987368,44.36235],[85.986749,44.361941],[85.986135,44.361528],[85.985527,44.361112],[85.984923,44.360692],[85.984324,44.360269],[85.98373,44.359841],[85.983141,44.35941],[85.982558,44.358976],[85.98198,44.358538],[85.981406,44.358097],[85.980839,44.357652],[85.980276,44.357203],[85.979719,44.356751],[85.979168,44.356296],[85.978621,44.355838],[85.978081,44.355376],[85.977545,44.35491],[85.977016,44.354442],[85.976492,44.35397],[85.975973,44.353496],[85.975461,44.353018],[85.974954,44.352537],[85.974452,44.352052],[85.973957,44.351565],[85.973467,44.351075],[85.972983,44.350582],[85.972506,44.350086],[85.972034,44.349587],[85.971568,44.349085],[85.971108,44.34858],[85.970654,44.348073],[85.970206,44.347562],[85.969764,44.34705],[85.969328,44.346534],[85.968899,44.346016],[85.968476,44.345495],[85.968059,44.344971],[85.967648,44.344445],[85.967243,44.343917],[85.966845,44.343386],[85.966453,44.342853],[85.966068,44.342317],[85.965689,44.341779],[85.965316,44.341239],[85.96495,44.340696],[85.96459,44.340151],[85.964237,44.339604],[85.96389,44.339055],[85.96355,44.338504],[85.963216,44.337951],[85.96289,44.337395],[85.962569,44.336838],[85.962256,44.336279],[85.961949,44.335718],[85.961648,44.335155],[85.961355,44.33459],[85.961068,44.334023],[85.960788,44.333455],[85.960515,44.332885],[85.960248,44.332313],[85.959989,44.33174],[85.959736,44.331165],[85.95949,44.330589],[85.959251,44.330011],[85.959019,44.329432],[85.958793,44.328851],[85.958575,44.328269],[85.958364,44.327686],[85.958159,44.327101],[85.957962,44.326515],[85.957771,44.325928],[85.957588,44.32534],[85.957411,44.324751],[85.957242,44.32416],[85.95708,44.323569],[85.956924,44.322977],[85.956776,44.322383],[85.956635,44.321789],[85.956501,44.321194],[85.956374,44.320598],[85.956254,44.320002],[85.956141,44.319404],[85.956035,44.318806],[85.955937,44.318208],[85.955846,44.317609],[85.955761,44.317009],[85.955684,44.316409],[85.955614,44.315808],[85.955551,44.315207],[85.955496,44.314606],[85.955447,44.314004],[85.955406,44.313402],[85.955372,44.312799],[85.955345,44.312197],[85.955325,44.311594],[85.955313,44.310992],[85.955307,44.310389],[85.955309,44.309786],[85.955318,44.309183],[85.955334,44.30858],[85.955358,44.307978],[85.955388,44.307375],[85.955426,44.306773],[85.955471,44.306171],[85.955523,44.305569],[85.955582,44.304968],[85.955648,44.304367],[85.955722,44.303767],[85.955803,44.303166],[85.95589,44.302567],[85.955985,44.301968],[85.956087,44.301369],[85.956197,44.300771],[85.956313,44.300174],[85.956436,44.299578],[85.956567,44.298982],[85.956705,44.298387],[85.956849,44.297793],[85.957001,44.2972],[85.95716,44.296608],[85.957326,44.296017],[85.957499,44.295427],[85.957679,44.294838],[85.957866,44.29425],[85.95806,44.293663],[85.958261,44.293078],[85.958468,44.292493],[85.958683,44.29191],[85.958905,44.291328],[85.959134,44.290748],[85.959369,44.290169],[85.959612,44.289592],[85.959861,44.289016],[85.960117,44.288441],[85.960381,44.287868],[85.96065,44.287297],[85.960927,44.286727],[85.961211,44.28616],[85.961501,44.285593],[85.961798,44.285029],[85.962101,44.284466],[85.962412,44.283906],[85.962729,44.283347],[85.963052,44.28279],[85.963382,44.282235],[85.963719,44.281683],[85.964063,44.281132],[85.964413,44.280583],[85.964769,44.280037],[85.965132,44.279493],[85.965502,44.27895],[85.965877,44.278411],[85.96626,44.277873],[85.966648,44.277338],[85.967043,44.276805],[85.967445,44.276275],[85.967852,44.275747],[85.968266,44.275222],[85.968687,44.274699],[85.969113,44.274179],[85.969546,44.273661],[85.969984,44.273146],[85.970429,44.272634],[85.97088,44.272125],[85.971337,44.271618],[85.9718,44.271114],[85.972269,44.270613],[85.972744,44.270115],[85.973225,44.269619],[85.973711,44.269127],[85.974204,44.268637],[85.974702,44.268151],[85.975206,44.267668],[85.975716,44.267188],[85.976232,44.26671],[85.976753,44.266237],[85.97728,44.265766],[85.977812,44.265298],[85.97835,44.264834],[85.978894,44.264373],[85.979443,44.263916],[85.979997,44.263461],[85.980557,44.26301],[85.981122,44.262563],[85.981692,44.262119],[85.982268,44.261679],[85.982849,44.261242],[85.983435,44.260808],[85.984026,44.260378],[85.984623,44.259952],[85.985224,44.25953],[85.98583,44.259111],[85.986442,44.258696],[85.987058,44.258285],[85.987679,44.257877],[85.988305,44.257473],[85.988936,44.257073],[85.989571,44.256677],[85.990211,44.256285],[85.990856,44.255897],[85.991506,44.255512],[85.99216,44.255132],[85.992818,44.254756],[85.993481,44.254383],[85.994148,44.254015],[85.99482,44.253651],[85.995496,44.253291],[85.996176,44.252935],[85.996861,44.252583],[85.99755,44.252236],[85.998242,44.251892],[85.998939,44.251553],[85.99964,44.251218],[86.000345,44.250888],[86.001053,44.250561],[86.001766,44.25024],[86.002482,44.249922],[86.003202,44.249609],[86.003926,44.2493],[86.004654,44.248996],[86.005385,44.248696],[86.006119,44.248401],[86.006857,44.24811],[86.007599,44.247823],[86.008344,44.247541],[86.009092,44.247264],[86.009844,44.246991],[86.010598,44.246723],[86.011356,44.24646],[86.012117,44.246201],[86.012881,44.245947],[86.013648,44.245697],[86.014418,44.245452],[86.015191,44.245212],[86.015967,44.244977],[86.016745,44.244746],[86.017527,44.24452],[86.01831,44.244299],[86.019097,44.244083],[86.019886,44.243872],[86.020677,44.243665],[86.021471,44.243463],[86.022267,44.243266],[86.023066,44.243074],[86.023867,44.242887],[86.02467,44.242704],[86.025475,44.242527],[86.026283,44.242354],[86.027092,44.242187],[86.027903,44.242024],[86.028716,44.241867],[86.029531,44.241714],[86.030348,44.241566],[86.031167,44.241424],[86.031987,44.241286],[86.032809,44.241153],[86.033632,44.241026],[86.034457,44.240903],[86.035283,44.240785],[86.036111,44.240673],[86.03694,44.240565],[86.03777,44.240463],[86.038601,44.240366],[86.039434,44.240273],[86.040268,44.240186],[86.041102,44.240104],[86.041938,44.240027],[86.042774,44.239955],[86.043611,44.239888],[86.044449,44.239827],[86.045288,44.23977],[86.046127,44.239719],[86.046967,44.239673],[86.047808,44.239632],[86.048649,44.239596],[86.04949,44.239565],[86.050332,44.239539],[86.051174,44.239518],[86.052016,44.239503],[86.052858,44.239493],[86.053701,44.239488],[86.054543,44.239488],[86.055385,44.239493],[86.056228,44.239503],[86.05707,44.239518],[86.057912,44.239539],[86.058753,44.239565],[86.059595,44.239596],[86.060436,44.239632],[86.061276,44.239673],[86.062116,44.239719],[86.062956,44.23977],[86.063794,44.239827],[86.064632,44.239888],[86.06547,44.239955],[86.066306,44.240027],[86.067142,44.240104],[86.067976,44.240186],[86.06881,44.240273],[86.069642,44.240366],[86.070474,44.240463],[86.071304,44.240565],[86.072133,44.240673],[86.07296,44.240785],[86.073787,44.240903],[86.074612,44.241026],[86.075435,44.241153],[86.076257,44.241286],[86.077077,44.241424],[86.077896,44.241566],[86.078712,44.241714],[86.079527,44.241867],[86.080341,44.242024],[86.081152,44.242187],[86.081961,44.242354],[86.082768,44.242527],[86.083574,44.242704],[86.084377,44.242887],[86.085178,44.243074],[86.085976,44.243266],[86.086772,44.243463],[86.087566,44.243665],[86.088358,44.243872],[86.089147,44.244083],[86.089933,44.244299],[86.090717,44.24452],[86.091498,44.244746],[86.092277,44.244977],[86.093053,44.245212],[86.093825,44.245452],[86.094595,44.245697],[86.095362,44.245947],[86.096126,44.246201],[86.096887,44.24646],[86.097645,44.246723],[86.0984,44.246991],[86.099152,44.247264],[86.0999,44.247541],[86.100645,44.247823],[86.101386,44.24811],[86.102124,44.248401],[86.102859,44.248696],[86.10359,44.248996],[86.104317,44.2493],[86.105041,44.249609],[86.105761,44.249922],[86.106478,44.25024],[86.10719,44.250561],[86.107899,44.250888],[86.108604,44.251218],[86.109305,44.251553],[86.110001,44.251892],[86.110694,44.252236],[86.111383,44.252583],[86.112067,44.252935],[86.112748,44.253291],[86.113424,44.253651],[86.114095,44.254015],[86.114763,44.254383],[86.115425,44.254756],[86.116084,44.255132],[86.116738,44.255512],[86.117387,44.255897],[86.118032,44.256285],[86.118672,44.256677],[86.119308,44.257073],[86.119939,44.257473],[86.120565,44.257877],[86.121186,44.258285],[86.121802,44.258696],[86.122413,44.259111],[86.12302,44.25953],[86.123621,44.259952],[86.124217,44.260378],[86.124809,44.260808],[86.125395,44.261242],[86.125976,44.261679],[86.126551,44.262119],[86.127122,44.262563],[86.127687,44.26301],[86.128247,44.263461],[86.128801,44.263916],[86.12935,44.264373],[86.129893,44.264834],[86.130431,44.265298],[86.130964,44.265766],[86.131491,44.266237],[86.132012,44.26671],[86.132527,44.267188],[86.133037,44.267668],[86.133541,44.268151],[86.13404,44.268637],[86.134532,44.269127],[86.135019,44.269619],[86.1355,44.270115],[86.135975,44.270613],[86.136444,44.271114],[86.136907,44.271618],[86.137364,44.272125],[86.137815,44.272634],[86.138259,44.273146],[86.138698,44.273661],[86.139131,44.274179],[86.139557,44.274699],[86.139977,44.275222],[86.140391,44.275747],[86.140799,44.276275],[86.1412,44.276805],[86.141595,44.277338],[86.141984,44.277873],[86.142366,44.278411],[86.142742,44.27895],[86.143112,44.279493],[86.143475,44.280037],[86.143831,44.280583],[86.144181,44.281132],[86.144524,44.281683],[86.144861,44.282235],[86.145191,44.28279],[86.145515,44.283347],[86.145832,44.283906],[86.146142,44.284466],[86.146446,44.285029],[86.146743,44.285593],[86.147033,44.28616],[86.147317,44.286727],[86.147593,44.287297],[86.147863,44.287868],[86.148126,44.288441],[86.148382,44.289016],[86.148632,44.289592],[86.148874,44.290169],[86.14911,44.290748],[86.149339,44.291328],[86.14956,44.29191],[86.149775,44.292493],[86.149983,44.293078],[86.150184,44.293663],[86.150378,44.29425],[86.150565,44.294838],[86.150745,44.295427],[86.150918,44.296017],[86.151084,44.296608],[86.151243,44.2972],[86.151394,44.297793],[86.151539,44.298387],[86.151677,44.298982],[86.151807,44.299578],[86.151931,44.300174],[86.152047,44.300771],[86.152156,44.301369],[86.152258,44.301968],[86.152353,44.302567],[86.152441,44.303166],[86.152522,44.303767],[86.152595,44.304367],[86.152662,44.304968],[86.152721,44.305569],[86.152773,44.306171],[86.152818,44.306773],[86.152855,44.307375],[86.152886,44.307978],[86.152909,44.30858],[86.152926,44.309183],[86.152934,44.309786],[86.152936,44.310389],[86.152931,44.310992],[86.152918,44.311594],[86.152899,44.312197],[86.152872,44.312799],[86.152838,44.313402],[86.152796,44.314004],[86.152748,44.314606],[86.152692,44.315207],[86.152629,44.315808],[86.152559,44.316409],[86.152482,44.317009],[86.152398,44.317609],[86.152307,44.318208],[86.152208,44.318806],[86.152103,44.319404],[86.15199,44.320002],[86.15187,44.320598],[86.151743,44.321194],[86.151609,44.321789],[86.151468,44.322383],[86.151319,44.322977],[86.151164,44.323569],[86.151002,44.32416],[86.150832,44.324751],[86.150656,44.32534],[86.150472,44.325928],[86.150282,44.326515],[86.150084,44.327101],[86.14988,44.327686],[86.149669,44.328269],[86.14945,44.328851],[86.149225,44.329432],[86.148993,44.330011],[86.148754,44.330589],[86.148508,44.331165],[86.148255,44.33174],[86.147995,44.332313],[86.147729,44.332885],[86.147456,44.333455],[86.147176,44.334023],[86.146889,44.33459],[86.146595,44.335155],[86.146295,44.335718],[86.145988,44.336279],[86.145674,44.336838],[86.145354,44.337395],[86.145027,44.337951],[86.144694,44.338504],[86.144354,44.339055],[86.144007,44.339604],[86.143654,44.340151],[86.143294,44.340696],[86.142928,44.341239],[86.142555,44.341779],[86.142176,44.342317],[86.14179,44.342853],[86.141399,44.343386],[86.141,44.343917],[86.140596,44.344445],[86.140185,44.344971],[86.139768,44.345495],[86.139345,44.346016],[86.138915,44.346534],[86.13848,44.34705],[86.138038,44.347562],[86.13759,44.348073],[86.137136,44.34858],[86.136676,44.349085],[86.13621,44.349587],[86.135738,44.350086],[86.13526,44.350582],[86.134776,44.351075],[86.134287,44.351565],[86.133791,44.352052],[86.13329,44.352537],[86.132783,44.353018],[86.13227,44.353496],[86.131752,44.35397],[86.131228,44.354442],[86.130698,44.35491],[86.130163,44.355376],[86.129622,44.355838],[86.129076,44.356296],[86.128524,44.356751],[86.127967,44.357203],[86.127405,44.357652],[86.126837,44.358097],[86.126264,44.358538],[86.125686,44.358976],[86.125102,44.35941],[86.124514,44.359841],[86.12392,44.360269],[86.123321,44.360692],[86.122717,44.361112],[86.122108,44.361528],[86.121494,44.361941],[86.120876,44.36235],[86.120252,44.362755],[86.119624,44.363156],[86.118991,44.363553],[86.118353,44.363946],[86.11771,44.364336],[86.117063,44.364722],[86.116412,44.365103],[86.115755,44.365481],[86.115095,44.365854],[86.114429,44.366224],[86.11376,44.36659],[86.113086,44.366951],[86.112408,44.367308],[86.111726,44.367661],[86.111039,44.36801],[86.110348,44.368355],[86.109653,44.368696],[86.108955,44.369032],[86.108252,44.369364],[86.107545,44.369692],[86.106834,44.370015],[86.10612,44.370334],[86.105402,44.370649],[86.10468,44.370959],[86.103954,44.371265],[86.103225,44.371567],[86.102492,44.371864],[86.101756,44.372156],[86.101016,44.372444],[86.100273,44.372728],[86.099526,44.373007],[86.098776,44.373281],[86.098023,44.373551],[86.097267,44.373816],[86.096507,44.374077],[86.095745,44.374333],[86.094979,44.374584],[86.094211,44.374831],[86.093439,44.375073],[86.092665,44.37531],[86.091888,44.375542],[86.091108,44.37577],[86.090326,44.375993],[86.08954,44.376211],[86.088753,44.376425],[86.087962,44.376633],[86.08717,44.376837],[86.086375,44.377036],[86.085577,44.37723],[86.084777,44.377419],[86.083975,44.377604],[86.083171,44.377783],[86.082365,44.377958],[86.081557,44.378127],[86.080746,44.378292],[86.079934,44.378452],[86.07912,44.378607],[86.078304,44.378757],[86.077486,44.378901],[86.076667,44.379041],[86.075846,44.379176],[86.075023,44.379306],[86.074199,44.379431],[86.073374,44.379551],[86.072547,44.379666],[86.071719,44.379775],[86.070889,44.37988],[86.070058,44.37998],[86.069226,44.380074],[86.068393,44.380164],[86.067559,44.380248],[86.066724,44.380327],[86.065888,44.380402],[86.065051,44.380471],[86.064213,44.380535],[86.063375,44.380594],[86.062536,44.380648],[86.061696,44.380696],[86.060856,44.38074],[86.060015,44.380778],[86.059174,44.380812],[86.058333,44.38084],[86.057491,44.380863],[86.056649,44.380881],[86.055807,44.380894],[86.054964,44.380902],[86.054122,44.380904]]]},"properties":{"name":"石河子市","time":"2018.01.08 00:00-2020.01.08 24:00"}},{"type":"Feature","geometry":{"type":"Polygon","coordinates":[[[77.253065,38.466804],[77.252418,38.466802],[77.251771,38.466793],[77.251125,38.466779],[77.250478,38.466759],[77.249832,38.466734],[77.249186,38.466703],[77.248541,38.466667],[77.247896,38.466625],[77.247252,38.466577],[77.246608,38.466524],[77.245965,38.466465],[77.245324,38.466401],[77.244683,38.466331],[77.244043,38.466255],[77.243404,38.466174],[77.242767,38.466088],[77.24213,38.465996],[77.241495,38.465898],[77.240862,38.465795],[77.24023,38.465686],[77.2396,38.465572],[77.238971,38.465452],[77.238344,38.465327],[77.237719,38.465197],[77.237095,38.465061],[77.236474,38.46492],[77.235854,38.464773],[77.235237,38.464621],[77.234622,38.464464],[77.234009,38.464301],[77.233399,38.464133],[77.232791,38.46396],[77.232185,38.463781],[77.231582,38.463598],[77.230982,38.463409],[77.230384,38.463214],[77.22979,38.463015],[77.229198,38.46281],[77.228609,38.462601],[77.228023,38.462386],[77.22744,38.462166],[77.22686,38.461941],[77.226283,38.461711],[77.22571,38.461477],[77.22514,38.461237],[77.224573,38.460992],[77.22401,38.460742],[77.223451,38.460488],[77.222895,38.460228],[77.222343,38.459964],[77.221795,38.459695],[77.22125,38.459421],[77.220709,38.459143],[77.220173,38.45886],[77.21964,38.458572],[77.219112,38.45828],[77.218587,38.457983],[77.218067,38.457681],[77.217552,38.457376],[77.21704,38.457065],[77.216533,38.45675],[77.216031,38.456431],[77.215533,38.456108],[77.215039,38.45578],[77.214551,38.455448],[77.214067,38.455111],[77.213587,38.454771],[77.213113,38.454426],[77.212644,38.454077],[77.212179,38.453725],[77.21172,38.453368],[77.211266,38.453007],[77.210816,38.452642],[77.210372,38.452274],[77.209933,38.451901],[77.2095,38.451525],[77.209072,38.451145],[77.208649,38.450762],[77.208232,38.450374],[77.20782,38.449983],[77.207414,38.449589],[77.207013,38.449191],[77.206618,38.44879],[77.206229,38.448385],[77.205845,38.447977],[77.205468,38.447565],[77.205096,38.447151],[77.20473,38.446733],[77.20437,38.446312],[77.204016,38.445887],[77.203668,38.44546],[77.203326,38.44503],[77.20299,38.444597],[77.20266,38.444161],[77.202337,38.443722],[77.202019,38.44328],[77.201708,38.442836],[77.201404,38.442389],[77.201105,38.441939],[77.200813,38.441487],[77.200528,38.441032],[77.200249,38.440575],[77.199976,38.440115],[77.19971,38.439653],[77.19945,38.439189],[77.199197,38.438723],[77.198951,38.438254],[77.198711,38.437783],[77.198478,38.43731],[77.198252,38.436836],[77.198032,38.436359],[77.197819,38.43588],[77.197613,38.4354],[77.197414,38.434918],[77.197222,38.434434],[77.197036,38.433948],[77.196857,38.433461],[77.196685,38.432972],[77.196521,38.432482],[77.196363,38.431991],[77.196212,38.431498],[77.196068,38.431004],[77.195931,38.430508],[77.195801,38.430012],[77.195678,38.429514],[77.195562,38.429015],[77.195453,38.428516],[77.195351,38.428015],[77.195257,38.427514],[77.195169,38.427011],[77.195089,38.426508],[77.195015,38.426005],[77.194949,38.425501],[77.19489,38.424996],[77.194838,38.424491],[77.194793,38.423985],[77.194756,38.423479],[77.194725,38.422972],[77.194702,38.422466],[77.194686,38.421959],[77.194677,38.421452],[77.194675,38.420945],[77.19468,38.420438],[77.194693,38.419931],[77.194713,38.419425],[77.19474,38.418918],[77.194774,38.418412],[77.194815,38.417906],[77.194863,38.4174],[77.194919,38.416895],[77.194981,38.416391],[77.195051,38.415887],[77.195128,38.415383],[77.195212,38.414881],[77.195303,38.414379],[77.195401,38.413878],[77.195507,38.413377],[77.195619,38.412878],[77.195738,38.41238],[77.195865,38.411883],[77.195998,38.411386],[77.196139,38.410892],[77.196286,38.410398],[77.196441,38.409906],[77.196602,38.409415],[77.19677,38.408925],[77.196946,38.408437],[77.197128,38.40795],[77.197317,38.407465],[77.197513,38.406982],[77.197715,38.406501],[77.197925,38.406021],[77.198141,38.405543],[77.198364,38.405067],[77.198594,38.404593],[77.19883,38.404121],[77.199073,38.403651],[77.199323,38.403183],[77.199579,38.402718],[77.199842,38.402254],[77.200111,38.401793],[77.200387,38.401335],[77.20067,38.400878],[77.200958,38.400425],[77.201254,38.399973],[77.201555,38.399525],[77.201863,38.399079],[77.202177,38.398635],[77.202498,38.398195],[77.202824,38.397757],[77.203157,38.397322],[77.203496,38.39689],[77.203841,38.396461],[77.204192,38.396035],[77.204549,38.395612],[77.204912,38.395193],[77.205281,38.394776],[77.205656,38.394363],[77.206036,38.393952],[77.206423,38.393546],[77.206815,38.393142],[77.207213,38.392742],[77.207616,38.392346],[77.208025,38.391953],[77.20844,38.391563],[77.20886,38.391178],[77.209285,38.390796],[77.209716,38.390417],[77.210152,38.390042],[77.210594,38.389672],[77.21104,38.389305],[77.211492,38.388942],[77.211949,38.388583],[77.212411,38.388227],[77.212878,38.387876],[77.21335,38.387529],[77.213826,38.387186],[77.214308,38.386848],[77.214794,38.386513],[77.215285,38.386183],[77.215781,38.385857],[77.216281,38.385535],[77.216786,38.385218],[77.217295,38.384905],[77.217809,38.384596],[77.218327,38.384292],[77.218849,38.383993],[77.219375,38.383698],[77.219906,38.383408],[77.220441,38.383122],[77.220979,38.382841],[77.221522,38.382564],[77.222068,38.382293],[77.222618,38.382026],[77.223172,38.381764],[77.22373,38.381507],[77.224291,38.381254],[77.224856,38.381007],[77.225424,38.380764],[77.225996,38.380527],[77.226571,38.380294],[77.227149,38.380066],[77.227731,38.379844],[77.228315,38.379626],[77.228903,38.379414],[77.229493,38.379206],[77.230087,38.379004],[77.230683,38.378807],[77.231282,38.378615],[77.231884,38.378429],[77.232488,38.378247],[77.233095,38.378071],[77.233704,38.3779],[77.234315,38.377735],[77.234929,38.377575],[77.235546,38.37742],[77.236164,38.37727],[77.236784,38.377126],[77.237407,38.376987],[77.238031,38.376854],[77.238657,38.376726],[77.239285,38.376604],[77.239915,38.376487],[77.240546,38.376375],[77.241179,38.376269],[77.241813,38.376169],[77.242448,38.376074],[77.243085,38.375984],[77.243723,38.3759],[77.244363,38.375822],[77.245003,38.375749],[77.245644,38.375682],[77.246287,38.37562],[77.24693,38.375564],[77.247574,38.375513],[77.248218,38.375469],[77.248863,38.375429],[77.249509,38.375396],[77.250155,38.375367],[77.250801,38.375345],[77.251448,38.375328],[77.252095,38.375317],[77.252742,38.375311],[77.253389,38.375311],[77.254036,38.375317],[77.254683,38.375328],[77.255329,38.375345],[77.255976,38.375367],[77.256622,38.375396],[77.257268,38.375429],[77.257913,38.375469],[77.258557,38.375513],[77.259201,38.375564],[77.259844,38.37562],[77.260486,38.375682],[77.261128,38.375749],[77.261768,38.375822],[77.262407,38.3759],[77.263045,38.375984],[77.263682,38.376074],[77.264318,38.376169],[77.264952,38.376269],[77.265585,38.376375],[77.266216,38.376487],[77.266846,38.376604],[77.267474,38.376726],[77.2681,38.376854],[77.268724,38.376987],[77.269346,38.377126],[77.269967,38.37727],[77.270585,38.37742],[77.271201,38.377575],[77.271815,38.377735],[77.272427,38.3779],[77.273036,38.378071],[77.273643,38.378247],[77.274247,38.378429],[77.274849,38.378615],[77.275448,38.378807],[77.276044,38.379004],[77.276637,38.379206],[77.277228,38.379414],[77.277816,38.379626],[77.2784,38.379844],[77.278981,38.380066],[77.27956,38.380294],[77.280135,38.380527],[77.280706,38.380764],[77.281275,38.381007],[77.281839,38.381254],[77.282401,38.381507],[77.282958,38.381764],[77.283512,38.382026],[77.284062,38.382293],[77.284609,38.382564],[77.285151,38.382841],[77.28569,38.383122],[77.286225,38.383408],[77.286755,38.383698],[77.287282,38.383993],[77.287804,38.384292],[77.288322,38.384596],[77.288835,38.384905],[77.289345,38.385218],[77.289849,38.385535],[77.29035,38.385857],[77.290845,38.386183],[77.291336,38.386513],[77.291823,38.386848],[77.292304,38.387186],[77.292781,38.387529],[77.293253,38.387876],[77.29372,38.388227],[77.294182,38.388583],[77.294639,38.388942],[77.29509,38.389305],[77.295537,38.389672],[77.295978,38.390042],[77.296415,38.390417],[77.296845,38.390796],[77.297271,38.391178],[77.297691,38.391563],[77.298105,38.391953],[77.298514,38.392346],[77.298918,38.392742],[77.299316,38.393142],[77.299708,38.393546],[77.300094,38.393952],[77.300475,38.394363],[77.30085,38.394776],[77.301219,38.395193],[77.301582,38.395612],[77.301939,38.396035],[77.30229,38.396461],[77.302635,38.39689],[77.302974,38.397322],[77.303306,38.397757],[77.303633,38.398195],[77.303953,38.398635],[77.304268,38.399079],[77.304575,38.399525],[77.304877,38.399973],[77.305172,38.400425],[77.305461,38.400878],[77.305743,38.401335],[77.306019,38.401793],[77.306289,38.402254],[77.306551,38.402718],[77.306808,38.403183],[77.307057,38.403651],[77.3073,38.404121],[77.307537,38.404593],[77.307767,38.405067],[77.30799,38.405543],[77.308206,38.406021],[77.308415,38.406501],[77.308618,38.406982],[77.308814,38.407465],[77.309003,38.40795],[77.309185,38.408437],[77.30936,38.408925],[77.309529,38.409415],[77.30969,38.409906],[77.309844,38.410398],[77.309992,38.410892],[77.310132,38.411386],[77.310266,38.411883],[77.310392,38.41238],[77.310512,38.412878],[77.310624,38.413377],[77.310729,38.413878],[77.310828,38.414379],[77.310919,38.414881],[77.311003,38.415383],[77.31108,38.415887],[77.311149,38.416391],[77.311212,38.416895],[77.311267,38.4174],[77.311316,38.417906],[77.311357,38.418412],[77.311391,38.418918],[77.311418,38.419425],[77.311438,38.419931],[77.31145,38.420438],[77.311456,38.420945],[77.311454,38.421452],[77.311445,38.421959],[77.311429,38.422466],[77.311405,38.422972],[77.311375,38.423479],[77.311337,38.423985],[77.311293,38.424491],[77.311241,38.424996],[77.311182,38.425501],[77.311115,38.426005],[77.311042,38.426508],[77.310962,38.427011],[77.310874,38.427514],[77.310779,38.428015],[77.310678,38.428516],[77.310569,38.429015],[77.310453,38.429514],[77.31033,38.430012],[77.3102,38.430508],[77.310063,38.431004],[77.309919,38.431498],[77.309768,38.431991],[77.30961,38.432482],[77.309445,38.432972],[77.309273,38.433461],[77.309095,38.433948],[77.308909,38.434434],[77.308717,38.434918],[77.308517,38.4354],[77.308311,38.43588],[77.308099,38.436359],[77.307879,38.436836],[77.307653,38.43731],[77.30742,38.437783],[77.30718,38.438254],[77.306933,38.438723],[77.30668,38.439189],[77.306421,38.439653],[77.306155,38.440115],[77.305882,38.440575],[77.305603,38.441032],[77.305317,38.441487],[77.305025,38.441939],[77.304727,38.442389],[77.304422,38.442836],[77.304111,38.44328],[77.303794,38.443722],[77.30347,38.444161],[77.303141,38.444597],[77.302805,38.44503],[77.302463,38.44546],[77.302115,38.445887],[77.301761,38.446312],[77.301401,38.446733],[77.301035,38.447151],[77.300663,38.447565],[77.300285,38.447977],[77.299902,38.448385],[77.299512,38.44879],[77.299117,38.449191],[77.298717,38.449589],[77.298311,38.449983],[77.297899,38.450374],[77.297482,38.450762],[77.297059,38.451145],[77.296631,38.451525],[77.296197,38.451901],[77.295758,38.452274],[77.295314,38.452642],[77.294865,38.453007],[77.294411,38.453368],[77.293951,38.453725],[77.293487,38.454077],[77.293018,38.454426],[77.292543,38.454771],[77.292064,38.455111],[77.29158,38.455448],[77.291091,38.45578],[77.290598,38.456108],[77.2901,38.456431],[77.289598,38.45675],[77.289091,38.457065],[77.288579,38.457376],[77.288063,38.457681],[77.287543,38.457983],[77.287019,38.45828],[77.28649,38.458572],[77.285958,38.45886],[77.285421,38.459143],[77.284881,38.459421],[77.284336,38.459695],[77.283788,38.459964],[77.283236,38.460228],[77.28268,38.460488],[77.28212,38.460742],[77.281557,38.460992],[77.280991,38.461237],[77.280421,38.461477],[77.279848,38.461711],[77.279271,38.461941],[77.278691,38.462166],[77.278108,38.462386],[77.277522,38.462601],[77.276933,38.46281],[77.276341,38.463015],[77.275746,38.463214],[77.275149,38.463409],[77.274548,38.463598],[77.273945,38.463781],[77.27334,38.46396],[77.272732,38.464133],[77.272121,38.464301],[77.271509,38.464464],[77.270893,38.464621],[77.270276,38.464773],[77.269657,38.46492],[77.269035,38.465061],[77.268412,38.465197],[77.267787,38.465327],[77.26716,38.465452],[77.266531,38.465572],[77.265901,38.465686],[77.265269,38.465795],[77.264635,38.465898],[77.264,38.465996],[77.263364,38.466088],[77.262726,38.466174],[77.262088,38.466255],[77.261448,38.466331],[77.260807,38.466401],[77.260165,38.466465],[77.259523,38.466524],[77.258879,38.466577],[77.258235,38.466625],[77.25759,38.466667],[77.256945,38.466703],[77.256299,38.466734],[77.255653,38.466759],[77.255006,38.466779],[77.254359,38.466793],[77.253712,38.466802],[77.253065,38.466804]]]},"properties":{"name":"莎车县","time":"2018.01.08 00:00-2020.01.08 24:00"}},{"type":"Feature","geometry":{"type":"Polygon","coordinates":[[[84.902682,44.494658],[84.901899,44.494655],[84.901116,44.494647],[84.900334,44.494635],[84.899551,44.494617],[84.898769,44.494594],[84.897987,44.494565],[84.897206,44.494532],[84.896425,44.494494],[84.895645,44.49445],[84.894865,44.494402],[84.894086,44.494348],[84.893307,44.494289],[84.89253,44.494225],[84.891753,44.494156],[84.890977,44.494082],[84.890202,44.494003],[84.889428,44.493919],[84.888656,44.49383],[84.887884,44.493736],[84.887114,44.493636],[84.886345,44.493532],[84.885577,44.493422],[84.884811,44.493308],[84.884046,44.493189],[84.883283,44.493064],[84.882522,44.492935],[84.881762,44.4928],[84.881004,44.492661],[84.880248,44.492517],[84.879494,44.492367],[84.878741,44.492213],[84.877991,44.492054],[84.877243,44.49189],[84.876496,44.491721],[84.875753,44.491547],[84.875011,44.491369],[84.874272,44.491185],[84.873535,44.490997],[84.8728,44.490804],[84.872068,44.490606],[84.871339,44.490403],[84.870612,44.490196],[84.869888,44.489984],[84.869167,44.489767],[84.868448,44.489545],[84.867733,44.489319],[84.86702,44.489088],[84.86631,44.488852],[84.865604,44.488612],[84.8649,44.488367],[84.8642,44.488117],[84.863503,44.487863],[84.862809,44.487604],[84.862119,44.487341],[84.861432,44.487074],[84.860748,44.486801],[84.860068,44.486525],[84.859392,44.486244],[84.858719,44.485958],[84.85805,44.485668],[84.857385,44.485374],[84.856723,44.485075],[84.856066,44.484773],[84.855412,44.484465],[84.854762,44.484154],[84.854116,44.483838],[84.853475,44.483518],[84.852837,44.483194],[84.852204,44.482866],[84.851575,44.482533],[84.85095,44.482197],[84.85033,44.481856],[84.849714,44.481512],[84.849102,44.481163],[84.848495,44.48081],[84.847893,44.480454],[84.847295,44.480093],[84.846702,44.479729],[84.846113,44.479361],[84.84553,44.478989],[84.844951,44.478613],[84.844377,44.478233],[84.843808,44.477849],[84.843243,44.477462],[84.842684,44.477071],[84.84213,44.476677],[84.841581,44.476279],[84.841037,44.475877],[84.840498,44.475472],[84.839965,44.475063],[84.839437,44.474651],[84.838914,44.474235],[84.838396,44.473816],[84.837884,44.473394],[84.837378,44.472968],[84.836876,44.472539],[84.836381,44.472107],[84.835891,44.471671],[84.835406,44.471232],[84.834927,44.47079],[84.834454,44.470345],[84.833987,44.469897],[84.833525,44.469446],[84.83307,44.468992],[84.83262,44.468535],[84.832176,44.468074],[84.831738,44.467612],[84.831306,44.467146],[84.83088,44.466677],[84.83046,44.466206],[84.830046,44.465732],[84.829638,44.465255],[84.829236,44.464775],[84.828841,44.464293],[84.828451,44.463808],[84.828068,44.463321],[84.827691,44.462832],[84.827321,44.462339],[84.826957,44.461845],[84.826599,44.461348],[84.826248,44.460849],[84.825903,44.460347],[84.825564,44.459843],[84.825232,44.459337],[84.824907,44.458829],[84.824588,44.458319],[84.824275,44.457807],[84.82397,44.457292],[84.82367,44.456776],[84.823378,44.456258],[84.823092,44.455738],[84.822813,44.455216],[84.822541,44.454692],[84.822275,44.454166],[84.822016,44.453639],[84.821764,44.45311],[84.821519,44.452579],[84.82128,44.452047],[84.821049,44.451513],[84.820824,44.450978],[84.820606,44.450441],[84.820395,44.449903],[84.820191,44.449364],[84.819994,44.448823],[84.819804,44.448281],[84.81962,44.447738],[84.819444,44.447193],[84.819275,44.446648],[84.819113,44.446101],[84.818958,44.445553],[84.81881,44.445004],[84.818669,44.444455],[84.818535,44.443904],[84.818408,44.443353],[84.818288,44.4428],[84.818175,44.442247],[84.81807,44.441693],[84.817971,44.441139],[84.81788,44.440584],[84.817796,44.440028],[84.817719,44.439472],[84.817649,44.438915],[84.817586,44.438358],[84.81753,44.437801],[84.817482,44.437243],[84.817441,44.436685],[84.817407,44.436126],[84.81738,44.435568],[84.81736,44.435009],[84.817347,44.43445],[84.817342,44.433891],[84.817344,44.433332],[84.817353,44.432773],[84.817369,44.432215],[84.817392,44.431656],[84.817423,44.431097],[84.81746,44.430539],[84.817505,44.429981],[84.817557,44.429423],[84.817617,44.428866],[84.817683,44.428309],[84.817756,44.427752],[84.817837,44.427196],[84.817925,44.426641],[84.81802,44.426086],[84.818122,44.425532],[84.818231,44.424978],[84.818347,44.424425],[84.81847,44.423873],[84.818601,44.423322],[84.818738,44.422771],[84.818883,44.422222],[84.819035,44.421674],[84.819193,44.421126],[84.819359,44.42058],[84.819532,44.420034],[84.819711,44.41949],[84.819898,44.418947],[84.820091,44.418405],[84.820292,44.417865],[84.8205,44.417326],[84.820714,44.416788],[84.820935,44.416252],[84.821164,44.415717],[84.821399,44.415184],[84.82164,44.414652],[84.821889,44.414122],[84.822145,44.413593],[84.822407,44.413066],[84.822676,44.412541],[84.822952,44.412018],[84.823234,44.411497],[84.823523,44.410977],[84.823819,44.410459],[84.824122,44.409944],[84.824431,44.40943],[84.824746,44.408918],[84.825069,44.408408],[84.825397,44.407901],[84.825733,44.407396],[84.826074,44.406893],[84.826422,44.406392],[84.826777,44.405893],[84.827138,44.405397],[84.827505,44.404903],[84.827879,44.404412],[84.828259,44.403923],[84.828645,44.403436],[84.829038,44.402952],[84.829436,44.402471],[84.829841,44.401992],[84.830252,44.401516],[84.830669,44.401043],[84.831092,44.400573],[84.831521,44.400105],[84.831956,44.39964],[84.832397,44.399178],[84.832844,44.398719],[84.833297,44.398262],[84.833756,44.397809],[84.83422,44.397359],[84.83469,44.396912],[84.835166,44.396468],[84.835648,44.396027],[84.836135,44.395589],[84.836628,44.395155],[84.837126,44.394723],[84.83763,44.394295],[84.83814,44.393871],[84.838654,44.393449],[84.839175,44.393031],[84.8397,44.392617],[84.840231,44.392206],[84.840767,44.391798],[84.841308,44.391394],[84.841855,44.390994],[84.842407,44.390597],[84.842963,44.390203],[84.843525,44.389814],[84.844092,44.389428],[84.844663,44.389046],[84.84524,44.388667],[84.845821,44.388293],[84.846407,44.387922],[84.846998,44.387555],[84.847593,44.387192],[84.848194,44.386833],[84.848798,44.386478],[84.849408,44.386126],[84.850021,44.385779],[84.85064,44.385436],[84.851262,44.385097],[84.851889,44.384762],[84.85252,44.384431],[84.853156,44.384104],[84.853795,44.383782],[84.854439,44.383463],[84.855087,44.383149],[84.855738,44.382839],[84.856394,44.382534],[84.857054,44.382232],[84.857717,44.381935],[84.858384,44.381643],[84.859055,44.381355],[84.85973,44.381071],[84.860408,44.380792],[84.86109,44.380517],[84.861775,44.380246],[84.862464,44.37998],[84.863156,44.379719],[84.863851,44.379462],[84.86455,44.37921],[84.865252,44.378962],[84.865957,44.378719],[84.866665,44.378481],[84.867376,44.378247],[84.86809,44.378018],[84.868807,44.377793],[84.869527,44.377573],[84.87025,44.377358],[84.870975,44.377148],[84.871703,44.376943],[84.872434,44.376742],[84.873167,44.376546],[84.873903,44.376355],[84.874641,44.376169],[84.875381,44.375987],[84.876124,44.375811],[84.876869,44.375639],[84.877616,44.375472],[84.878366,44.37531],[84.879117,44.375154],[84.87987,44.375001],[84.880626,44.374854],[84.881383,44.374712],[84.882142,44.374575],[84.882902,44.374443],[84.883665,44.374316],[84.884428,44.374194],[84.885194,44.374076],[84.885961,44.373964],[84.886729,44.373857],[84.887499,44.373755],[84.88827,44.373658],[84.889042,44.373566],[84.889815,44.373479],[84.890589,44.373397],[84.891365,44.373321],[84.892141,44.373249],[84.892918,44.373182],[84.893696,44.373121],[84.894475,44.373065],[84.895255,44.373013],[84.896035,44.372967],[84.896816,44.372926],[84.897597,44.37289],[84.898378,44.37286],[84.89916,44.372834],[84.899942,44.372813],[84.900725,44.372798],[84.901508,44.372788],[84.90229,44.372783],[84.903073,44.372783],[84.903856,44.372788],[84.904639,44.372798],[84.905421,44.372813],[84.906203,44.372834],[84.906985,44.37286],[84.907767,44.37289],[84.908548,44.372926],[84.909329,44.372967],[84.910109,44.373013],[84.910888,44.373065],[84.911667,44.373121],[84.912445,44.373182],[84.913222,44.373249],[84.913999,44.373321],[84.914774,44.373397],[84.915548,44.373479],[84.916322,44.373566],[84.917094,44.373658],[84.917865,44.373755],[84.918634,44.373857],[84.919403,44.373964],[84.92017,44.374076],[84.920935,44.374194],[84.921699,44.374316],[84.922461,44.374443],[84.923222,44.374575],[84.923981,44.374712],[84.924738,44.374854],[84.925493,44.375001],[84.926246,44.375154],[84.926998,44.37531],[84.927747,44.375472],[84.928494,44.375639],[84.929239,44.375811],[84.929982,44.375987],[84.930723,44.376169],[84.931461,44.376355],[84.932196,44.376546],[84.93293,44.376742],[84.93366,44.376943],[84.934388,44.377148],[84.935114,44.377358],[84.935836,44.377573],[84.936556,44.377793],[84.937273,44.378018],[84.937988,44.378247],[84.938699,44.378481],[84.939407,44.378719],[84.940112,44.378962],[84.940814,44.37921],[84.941512,44.379462],[84.942208,44.379719],[84.9429,44.37998],[84.943589,44.380246],[84.944274,44.380517],[84.944956,44.380792],[84.945634,44.381071],[84.946308,44.381355],[84.946979,44.381643],[84.947647,44.381935],[84.94831,44.382232],[84.94897,44.382534],[84.949625,44.382839],[84.950277,44.383149],[84.950925,44.383463],[84.951568,44.383782],[84.952208,44.384104],[84.952843,44.384431],[84.953474,44.384762],[84.954101,44.385097],[84.954724,44.385436],[84.955342,44.385779],[84.955956,44.386126],[84.956565,44.386478],[84.95717,44.386833],[84.95777,44.387192],[84.958366,44.387555],[84.958956,44.387922],[84.959543,44.388293],[84.960124,44.388667],[84.9607,44.389046],[84.961272,44.389428],[84.961839,44.389814],[84.9624,44.390203],[84.962957,44.390597],[84.963509,44.390994],[84.964055,44.391394],[84.964596,44.391798],[84.965133,44.392206],[84.965663,44.392617],[84.966189,44.393031],[84.966709,44.393449],[84.967224,44.393871],[84.967733,44.394295],[84.968237,44.394723],[84.968736,44.395155],[84.969229,44.395589],[84.969716,44.396027],[84.970197,44.396468],[84.970673,44.396912],[84.971144,44.397359],[84.971608,44.397809],[84.972067,44.398262],[84.972519,44.398719],[84.972966,44.399178],[84.973407,44.39964],[84.973843,44.400105],[84.974272,44.400573],[84.974695,44.401043],[84.975112,44.401516],[84.975523,44.401992],[84.975927,44.402471],[84.976326,44.402952],[84.976718,44.403436],[84.977105,44.403923],[84.977485,44.404412],[84.977858,44.404903],[84.978226,44.405397],[84.978587,44.405893],[84.978941,44.406392],[84.979289,44.406893],[84.979631,44.407396],[84.979966,44.407901],[84.980295,44.408408],[84.980617,44.408918],[84.980933,44.40943],[84.981242,44.409944],[84.981544,44.410459],[84.98184,44.410977],[84.982129,44.411497],[84.982412,44.412018],[84.982688,44.412541],[84.982957,44.413066],[84.983219,44.413593],[84.983474,44.414122],[84.983723,44.414652],[84.983965,44.415184],[84.9842,44.415717],[84.984428,44.416252],[84.98465,44.416788],[84.984864,44.417326],[84.985071,44.417865],[84.985272,44.418405],[84.985466,44.418947],[84.985652,44.41949],[84.985832,44.420034],[84.986005,44.42058],[84.98617,44.421126],[84.986329,44.421674],[84.986481,44.422222],[84.986625,44.422771],[84.986763,44.423322],[84.986893,44.423873],[84.987016,44.424425],[84.987133,44.424978],[84.987242,44.425532],[84.987344,44.426086],[84.987439,44.426641],[84.987527,44.427196],[84.987607,44.427752],[84.987681,44.428309],[84.987747,44.428866],[84.987806,44.429423],[84.987858,44.429981],[84.987903,44.430539],[84.987941,44.431097],[84.987971,44.431656],[84.987995,44.432215],[84.988011,44.432773],[84.98802,44.433332],[84.988021,44.433891],[84.988016,44.43445],[84.988004,44.435009],[84.987984,44.435568],[84.987957,44.436126],[84.987923,44.436685],[84.987882,44.437243],[84.987833,44.437801],[84.987777,44.438358],[84.987715,44.438915],[84.987645,44.439472],[84.987568,44.440028],[84.987484,44.440584],[84.987392,44.441139],[84.987294,44.441693],[84.987188,44.442247],[84.987075,44.4428],[84.986956,44.443353],[84.986829,44.443904],[84.986695,44.444455],[84.986554,44.445004],[84.986406,44.445553],[84.986251,44.446101],[84.986088,44.446648],[84.985919,44.447193],[84.985743,44.447738],[84.98556,44.448281],[84.98537,44.448823],[84.985173,44.449364],[84.984969,44.449903],[84.984758,44.450441],[84.98454,44.450978],[84.984315,44.451513],[84.984083,44.452047],[84.983845,44.452579],[84.9836,44.45311],[84.983347,44.453639],[84.983089,44.454166],[84.982823,44.454692],[84.98255,44.455216],[84.982271,44.455738],[84.981986,44.456258],[84.981693,44.456776],[84.981394,44.457292],[84.981088,44.457807],[84.980776,44.458319],[84.980457,44.458829],[84.980131,44.459337],[84.979799,44.459843],[84.979461,44.460347],[84.979116,44.460849],[84.978765,44.461348],[84.978407,44.461845],[84.978043,44.462339],[84.977672,44.462832],[84.977295,44.463321],[84.976912,44.463808],[84.976523,44.464293],[84.976127,44.464775],[84.975726,44.465255],[84.975318,44.465732],[84.974904,44.466206],[84.974484,44.466677],[84.974058,44.467146],[84.973626,44.467612],[84.973188,44.468074],[84.972744,44.468535],[84.972294,44.468992],[84.971838,44.469446],[84.971377,44.469897],[84.970909,44.470345],[84.970436,44.47079],[84.969957,44.471232],[84.969473,44.471671],[84.968983,44.472107],[84.968487,44.472539],[84.967986,44.472968],[84.967479,44.473394],[84.966967,44.473816],[84.96645,44.474235],[84.965927,44.474651],[84.965399,44.475063],[84.964865,44.475472],[84.964326,44.475877],[84.963782,44.476279],[84.963233,44.476677],[84.962679,44.477071],[84.96212,44.477462],[84.961556,44.477849],[84.960987,44.478233],[84.960413,44.478613],[84.959834,44.478989],[84.95925,44.479361],[84.958662,44.479729],[84.958068,44.480093],[84.957471,44.480454],[84.956868,44.48081],[84.956261,44.481163],[84.95565,44.481512],[84.955034,44.481856],[84.954413,44.482197],[84.953788,44.482533],[84.953159,44.482866],[84.952526,44.483194],[84.951889,44.483518],[84.951247,44.483838],[84.950601,44.484154],[84.949952,44.484465],[84.949298,44.484773],[84.94864,44.485075],[84.947979,44.485374],[84.947313,44.485668],[84.946644,44.485958],[84.945972,44.486244],[84.945295,44.486525],[84.944615,44.486801],[84.943932,44.487074],[84.943245,44.487341],[84.942554,44.487604],[84.941861,44.487863],[84.941164,44.488117],[84.940463,44.488367],[84.93976,44.488612],[84.939053,44.488852],[84.938344,44.489088],[84.937631,44.489319],[84.936915,44.489545],[84.936197,44.489767],[84.935476,44.489984],[84.934751,44.490196],[84.934025,44.490403],[84.933295,44.490606],[84.932563,44.490804],[84.931829,44.490997],[84.931092,44.491185],[84.930353,44.491369],[84.929611,44.491547],[84.928867,44.491721],[84.928121,44.49189],[84.927373,44.492054],[84.926622,44.492213],[84.92587,44.492367],[84.925116,44.492517],[84.92436,44.492661],[84.923602,44.4928],[84.922842,44.492935],[84.92208,44.493064],[84.921317,44.493189],[84.920553,44.493308],[84.919786,44.493422],[84.919019,44.493532],[84.91825,44.493636],[84.917479,44.493736],[84.916708,44.49383],[84.915935,44.493919],[84.915161,44.494003],[84.914387,44.494082],[84.913611,44.494156],[84.912834,44.494225],[84.912056,44.494289],[84.911278,44.494348],[84.910499,44.494402],[84.909719,44.49445],[84.908938,44.494494],[84.908157,44.494532],[84.907376,44.494565],[84.906594,44.494594],[84.905812,44.494617],[84.90503,44.494635],[84.904247,44.494647],[84.903465,44.494655],[84.902682,44.494658]]]},"properties":{"name":"奎屯市","time":"2018.01.08 00:00-2020.01.08 24:00"}},{"type":"Feature","geometry":{"type":"Polygon","coordinates":[[[86.182413,41.801962],[86.181552,41.801959],[86.180691,41.801951],[86.17983,41.801938],[86.17897,41.801919],[86.17811,41.801895],[86.17725,41.801865],[86.17639,41.801831],[86.175531,41.801791],[86.174672,41.801745],[86.173814,41.801695],[86.172956,41.801638],[86.1721,41.801577],[86.171243,41.80151],[86.170388,41.801438],[86.169533,41.801361],[86.16868,41.801278],[86.167827,41.80119],[86.166975,41.801097],[86.166125,41.800998],[86.165275,41.800895],[86.164427,41.800786],[86.16358,41.800671],[86.162734,41.800552],[86.161889,41.800427],[86.161046,41.800297],[86.160205,41.800161],[86.159365,41.800021],[86.158527,41.799875],[86.15769,41.799724],[86.156855,41.799568],[86.156022,41.799406],[86.15519,41.79924],[86.154361,41.799068],[86.153533,41.798891],[86.152708,41.798709],[86.151884,41.798522],[86.151063,41.79833],[86.150244,41.798133],[86.149427,41.79793],[86.148612,41.797723],[86.1478,41.79751],[86.14699,41.797293],[86.146183,41.79707],[86.145378,41.796843],[86.144575,41.79661],[86.143776,41.796373],[86.142979,41.79613],[86.142184,41.795883],[86.141393,41.79563],[86.140604,41.795373],[86.139818,41.795111],[86.139036,41.794844],[86.138256,41.794572],[86.137479,41.794295],[86.136705,41.794013],[86.135935,41.793727],[86.135168,41.793436],[86.134404,41.79314],[86.133643,41.792839],[86.132886,41.792534],[86.132132,41.792224],[86.131382,41.791909],[86.130635,41.79159],[86.129892,41.791266],[86.129153,41.790937],[86.128417,41.790604],[86.127685,41.790266],[86.126957,41.789924],[86.126232,41.789577],[86.125512,41.789226],[86.124795,41.78887],[86.124083,41.78851],[86.123374,41.788145],[86.12267,41.787776],[86.12197,41.787403],[86.121274,41.787025],[86.120582,41.786643],[86.119894,41.786257],[86.119211,41.785866],[86.118533,41.785472],[86.117858,41.785073],[86.117188,41.784669],[86.116523,41.784262],[86.115862,41.78385],[86.115206,41.783435],[86.114555,41.783015],[86.113908,41.782592],[86.113266,41.782164],[86.112629,41.781732],[86.111997,41.781297],[86.111369,41.780857],[86.110747,41.780414],[86.110129,41.779967],[86.109517,41.779515],[86.108909,41.779061],[86.108307,41.778602],[86.10771,41.77814],[86.107117,41.777673],[86.106531,41.777204],[86.105949,41.77673],[86.105373,41.776253],[86.104802,41.775773],[86.104237,41.775289],[86.103677,41.774801],[86.103122,41.77431],[86.102573,41.773816],[86.102029,41.773318],[86.101492,41.772817],[86.100959,41.772312],[86.100433,41.771804],[86.099912,41.771293],[86.099396,41.770779],[86.098887,41.770261],[86.098383,41.76974],[86.097885,41.769217],[86.097393,41.76869],[86.096907,41.76816],[86.096427,41.767627],[86.095953,41.767091],[86.095485,41.766552],[86.095023,41.76601],[86.094567,41.765466],[86.094117,41.764918],[86.093673,41.764368],[86.093235,41.763815],[86.092804,41.76326],[86.092379,41.762701],[86.09196,41.76214],[86.091547,41.761577],[86.09114,41.761011],[86.09074,41.760442],[86.090347,41.759871],[86.089959,41.759298],[86.089578,41.758722],[86.089204,41.758144],[86.088836,41.757563],[86.088475,41.75698],[86.08812,41.756395],[86.087771,41.755808],[86.087429,41.755218],[86.087094,41.754627],[86.086766,41.754033],[86.086444,41.753438],[86.086128,41.75284],[86.08582,41.752241],[86.085518,41.751639],[86.085223,41.751036],[86.084934,41.750431],[86.084653,41.749824],[86.084378,41.749215],[86.08411,41.748605],[86.083848,41.747993],[86.083594,41.747379],[86.083346,41.746764],[86.083106,41.746147],[86.082872,41.745529],[86.082645,41.74491],[86.082425,41.744289],[86.082212,41.743666],[86.082006,41.743043],[86.081807,41.742418],[86.081615,41.741792],[86.08143,41.741164],[86.081252,41.740536],[86.081081,41.739906],[86.080917,41.739276],[86.08076,41.738644],[86.08061,41.738012],[86.080467,41.737378],[86.080332,41.736744],[86.080203,41.736109],[86.080081,41.735473],[86.079967,41.734836],[86.07986,41.734198],[86.079759,41.73356],[86.079666,41.732922],[86.07958,41.732283],[86.079502,41.731643],[86.07943,41.731003],[86.079366,41.730362],[86.079308,41.729721],[86.079258,41.72908],[86.079215,41.728438],[86.079179,41.727796],[86.07915,41.727154],[86.079129,41.726512],[86.079115,41.725869],[86.079107,41.725227],[86.079107,41.724584],[86.079115,41.723942],[86.079129,41.723299],[86.07915,41.722657],[86.079179,41.722015],[86.079215,41.721373],[86.079258,41.720731],[86.079308,41.72009],[86.079366,41.719449],[86.07943,41.718808],[86.079502,41.718167],[86.07958,41.717528],[86.079666,41.716888],[86.079759,41.716249],[86.07986,41.715611],[86.079967,41.714974],[86.080081,41.714337],[86.080203,41.7137],[86.080332,41.713065],[86.080467,41.71243],[86.08061,41.711797],[86.08076,41.711164],[86.080917,41.710532],[86.081081,41.709901],[86.081252,41.709271],[86.08143,41.708643],[86.081615,41.708015],[86.081807,41.707388],[86.082006,41.706763],[86.082212,41.706139],[86.082425,41.705516],[86.082645,41.704895],[86.082872,41.704275],[86.083106,41.703656],[86.083346,41.703039],[86.083594,41.702424],[86.083848,41.70181],[86.08411,41.701197],[86.084378,41.700587],[86.084653,41.699977],[86.084934,41.69937],[86.085223,41.698764],[86.085518,41.698161],[86.08582,41.697559],[86.086128,41.696959],[86.086444,41.696361],[86.086766,41.695764],[86.087094,41.69517],[86.087429,41.694578],[86.087771,41.693988],[86.08812,41.6934],[86.088475,41.692815],[86.088836,41.692231],[86.089204,41.69165],[86.089578,41.691071],[86.089959,41.690495],[86.090347,41.689921],[86.09074,41.689349],[86.09114,41.68878],[86.091547,41.688213],[86.09196,41.687649],[86.092379,41.687087],[86.092804,41.686528],[86.093235,41.685972],[86.093673,41.685418],[86.094117,41.684868],[86.094567,41.684319],[86.095023,41.683774],[86.095485,41.683232],[86.095953,41.682692],[86.096427,41.682156],[86.096907,41.681622],[86.097393,41.681091],[86.097885,41.680564],[86.098383,41.680039],[86.098887,41.679518],[86.099396,41.679],[86.099912,41.678484],[86.100433,41.677973],[86.100959,41.677464],[86.101492,41.676959],[86.102029,41.676457],[86.102573,41.675958],[86.103122,41.675463],[86.103677,41.674971],[86.104237,41.674483],[86.104802,41.673998],[86.105373,41.673517],[86.105949,41.673039],[86.106531,41.672565],[86.107117,41.672094],[86.10771,41.671627],[86.108307,41.671164],[86.108909,41.670705],[86.109517,41.670249],[86.110129,41.669797],[86.110747,41.669349],[86.111369,41.668905],[86.111997,41.668465],[86.112629,41.668028],[86.113266,41.667596],[86.113908,41.667168],[86.114555,41.666743],[86.115206,41.666323],[86.115862,41.665906],[86.116523,41.665494],[86.117188,41.665086],[86.117858,41.664682],[86.118533,41.664282],[86.119211,41.663887],[86.119894,41.663495],[86.120582,41.663108],[86.121274,41.662726],[86.12197,41.662347],[86.12267,41.661973],[86.123374,41.661603],[86.124083,41.661238],[86.124795,41.660877],[86.125512,41.660521],[86.126232,41.660168],[86.126957,41.659821],[86.127685,41.659478],[86.128417,41.65914],[86.129153,41.658806],[86.129892,41.658476],[86.130635,41.658152],[86.131382,41.657832],[86.132132,41.657516],[86.132886,41.657206],[86.133643,41.6569],[86.134404,41.656598],[86.135168,41.656302],[86.135935,41.65601],[86.136705,41.655723],[86.137479,41.655441],[86.138256,41.655164],[86.139036,41.654891],[86.139818,41.654623],[86.140604,41.654361],[86.141393,41.654103],[86.142184,41.65385],[86.142979,41.653602],[86.143776,41.653359],[86.144575,41.653121],[86.145378,41.652888],[86.146183,41.65266],[86.14699,41.652436],[86.1478,41.652218],[86.148612,41.652005],[86.149427,41.651797],[86.150244,41.651595],[86.151063,41.651397],[86.151884,41.651204],[86.152708,41.651017],[86.153533,41.650834],[86.154361,41.650657],[86.15519,41.650485],[86.156022,41.650318],[86.156855,41.650156],[86.15769,41.65],[86.158527,41.649848],[86.159365,41.649702],[86.160205,41.649561],[86.161046,41.649426],[86.161889,41.649295],[86.162734,41.64917],[86.16358,41.64905],[86.164427,41.648936],[86.165275,41.648826],[86.166125,41.648722],[86.166975,41.648623],[86.167827,41.64853],[86.16868,41.648442],[86.169533,41.648359],[86.170388,41.648281],[86.171243,41.648209],[86.1721,41.648142],[86.172956,41.648081],[86.173814,41.648025],[86.174672,41.647974],[86.175531,41.647928],[86.17639,41.647888],[86.17725,41.647853],[86.17811,41.647824],[86.17897,41.6478],[86.17983,41.647781],[86.180691,41.647767],[86.181552,41.647759],[86.182413,41.647757],[86.183274,41.647759],[86.184134,41.647767],[86.184995,41.647781],[86.185856,41.6478],[86.186716,41.647824],[86.187576,41.647853],[86.188435,41.647888],[86.189295,41.647928],[86.190153,41.647974],[86.191011,41.648025],[86.191869,41.648081],[86.192726,41.648142],[86.193582,41.648209],[86.194438,41.648281],[86.195292,41.648359],[86.196146,41.648442],[86.196999,41.64853],[86.19785,41.648623],[86.198701,41.648722],[86.19955,41.648826],[86.200399,41.648936],[86.201246,41.64905],[86.202092,41.64917],[86.202936,41.649295],[86.203779,41.649426],[86.204621,41.649561],[86.20546,41.649702],[86.206299,41.649848],[86.207136,41.65],[86.207971,41.650156],[86.208804,41.650318],[86.209635,41.650485],[86.210465,41.650657],[86.211292,41.650834],[86.212118,41.651017],[86.212941,41.651204],[86.213762,41.651397],[86.214582,41.651595],[86.215399,41.651797],[86.216213,41.652005],[86.217026,41.652218],[86.217835,41.652436],[86.218643,41.65266],[86.219448,41.652888],[86.22025,41.653121],[86.22105,41.653359],[86.221847,41.653602],[86.222641,41.65385],[86.223433,41.654103],[86.224221,41.654361],[86.225007,41.654623],[86.22579,41.654891],[86.22657,41.655164],[86.227346,41.655441],[86.22812,41.655723],[86.22889,41.65601],[86.229658,41.656302],[86.230422,41.656598],[86.231182,41.6569],[86.231939,41.657206],[86.232693,41.657516],[86.233443,41.657832],[86.23419,41.658152],[86.234933,41.658476],[86.235673,41.658806],[86.236408,41.65914],[86.23714,41.659478],[86.237869,41.659821],[86.238593,41.660168],[86.239314,41.660521],[86.24003,41.660877],[86.240743,41.661238],[86.241451,41.661603],[86.242155,41.661973],[86.242856,41.662347],[86.243552,41.662726],[86.244244,41.663108],[86.244931,41.663495],[86.245614,41.663887],[86.246293,41.664282],[86.246967,41.664682],[86.247637,41.665086],[86.248302,41.665494],[86.248963,41.665906],[86.249619,41.666323],[86.250271,41.666743],[86.250917,41.667168],[86.251559,41.667596],[86.252197,41.668028],[86.252829,41.668465],[86.253456,41.668905],[86.254079,41.669349],[86.254696,41.669797],[86.255309,41.670249],[86.255916,41.670705],[86.256519,41.671164],[86.257116,41.671627],[86.257708,41.672094],[86.258295,41.672565],[86.258876,41.673039],[86.259452,41.673517],[86.260023,41.673998],[86.260589,41.674483],[86.261149,41.674971],[86.261703,41.675463],[86.262252,41.675958],[86.262796,41.676457],[86.263334,41.676959],[86.263866,41.677464],[86.264393,41.677973],[86.264914,41.678484],[86.265429,41.679],[86.265939,41.679518],[86.266442,41.680039],[86.26694,41.680564],[86.267432,41.681091],[86.267918,41.681622],[86.268398,41.682156],[86.268872,41.682692],[86.269341,41.683232],[86.269803,41.683774],[86.270259,41.684319],[86.270709,41.684868],[86.271153,41.685418],[86.27159,41.685972],[86.272022,41.686528],[86.272447,41.687087],[86.272866,41.687649],[86.273279,41.688213],[86.273685,41.68878],[86.274085,41.689349],[86.274479,41.689921],[86.274866,41.690495],[86.275247,41.691071],[86.275621,41.69165],[86.275989,41.692231],[86.276351,41.692815],[86.276706,41.6934],[86.277054,41.693988],[86.277396,41.694578],[86.277731,41.69517],[86.27806,41.695764],[86.278382,41.696361],[86.278697,41.696959],[86.279006,41.697559],[86.279308,41.698161],[86.279603,41.698764],[86.279891,41.69937],[86.280173,41.699977],[86.280448,41.700587],[86.280716,41.701197],[86.280977,41.70181],[86.281232,41.702424],[86.281479,41.703039],[86.28172,41.703656],[86.281953,41.704275],[86.28218,41.704895],[86.2824,41.705516],[86.282613,41.706139],[86.282819,41.706763],[86.283018,41.707388],[86.28321,41.708015],[86.283395,41.708643],[86.283573,41.709271],[86.283744,41.709901],[86.283908,41.710532],[86.284065,41.711164],[86.284215,41.711797],[86.284358,41.71243],[86.284494,41.713065],[86.284622,41.7137],[86.284744,41.714337],[86.284858,41.714974],[86.284966,41.715611],[86.285066,41.716249],[86.285159,41.716888],[86.285245,41.717528],[86.285324,41.718167],[86.285395,41.718808],[86.28546,41.719449],[86.285517,41.72009],[86.285567,41.720731],[86.285611,41.721373],[86.285646,41.722015],[86.285675,41.722657],[86.285697,41.723299],[86.285711,41.723942],[86.285718,41.724584],[86.285718,41.725227],[86.285711,41.725869],[86.285697,41.726512],[86.285675,41.727154],[86.285646,41.727796],[86.285611,41.728438],[86.285567,41.72908],[86.285517,41.729721],[86.28546,41.730362],[86.285395,41.731003],[86.285324,41.731643],[86.285245,41.732283],[86.285159,41.732922],[86.285066,41.73356],[86.284966,41.734198],[86.284858,41.734836],[86.284744,41.735473],[86.284622,41.736109],[86.284494,41.736744],[86.284358,41.737378],[86.284215,41.738012],[86.284065,41.738644],[86.283908,41.739276],[86.283744,41.739906],[86.283573,41.740536],[86.283395,41.741164],[86.28321,41.741792],[86.283018,41.742418],[86.282819,41.743043],[86.282613,41.743666],[86.2824,41.744289],[86.28218,41.74491],[86.281953,41.745529],[86.28172,41.746147],[86.281479,41.746764],[86.281232,41.747379],[86.280977,41.747993],[86.280716,41.748605],[86.280448,41.749215],[86.280173,41.749824],[86.279891,41.750431],[86.279603,41.751036],[86.279308,41.751639],[86.279006,41.752241],[86.278697,41.75284],[86.278382,41.753438],[86.27806,41.754033],[86.277731,41.754627],[86.277396,41.755218],[86.277054,41.755808],[86.276706,41.756395],[86.276351,41.75698],[86.275989,41.757563],[86.275621,41.758144],[86.275247,41.758722],[86.274866,41.759298],[86.274479,41.759871],[86.274085,41.760442],[86.273685,41.761011],[86.273279,41.761577],[86.272866,41.76214],[86.272447,41.762701],[86.272022,41.76326],[86.27159,41.763815],[86.271153,41.764368],[86.270709,41.764918],[86.270259,41.765466],[86.269803,41.76601],[86.269341,41.766552],[86.268872,41.767091],[86.268398,41.767627],[86.267918,41.76816],[86.267432,41.76869],[86.26694,41.769217],[86.266442,41.76974],[86.265939,41.770261],[86.265429,41.770779],[86.264914,41.771293],[86.264393,41.771804],[86.263866,41.772312],[86.263334,41.772817],[86.262796,41.773318],[86.262252,41.773816],[86.261703,41.77431],[86.261149,41.774801],[86.260589,41.775289],[86.260023,41.775773],[86.259452,41.776253],[86.258876,41.77673],[86.258295,41.777204],[86.257708,41.777673],[86.257116,41.77814],[86.256519,41.778602],[86.255916,41.779061],[86.255309,41.779515],[86.254696,41.779967],[86.254079,41.780414],[86.253456,41.780857],[86.252829,41.781297],[86.252197,41.781732],[86.251559,41.782164],[86.250917,41.782592],[86.250271,41.783015],[86.249619,41.783435],[86.248963,41.78385],[86.248302,41.784262],[86.247637,41.784669],[86.246967,41.785073],[86.246293,41.785472],[86.245614,41.785866],[86.244931,41.786257],[86.244244,41.786643],[86.243552,41.787025],[86.242856,41.787403],[86.242155,41.787776],[86.241451,41.788145],[86.240743,41.78851],[86.24003,41.78887],[86.239314,41.789226],[86.238593,41.789577],[86.237869,41.789924],[86.23714,41.790266],[86.236408,41.790604],[86.235673,41.790937],[86.234933,41.791266],[86.23419,41.79159],[86.233443,41.791909],[86.232693,41.792224],[86.231939,41.792534],[86.231182,41.792839],[86.230422,41.79314],[86.229658,41.793436],[86.22889,41.793727],[86.22812,41.794013],[86.227346,41.794295],[86.22657,41.794572],[86.22579,41.794844],[86.225007,41.795111],[86.224221,41.795373],[86.223433,41.79563],[86.222641,41.795883],[86.221847,41.79613],[86.22105,41.796373],[86.22025,41.79661],[86.219448,41.796843],[86.218643,41.79707],[86.217835,41.797293],[86.217026,41.79751],[86.216213,41.797723],[86.215399,41.79793],[86.214582,41.798133],[86.213762,41.79833],[86.212941,41.798522],[86.212118,41.798709],[86.211292,41.798891],[86.210465,41.799068],[86.209635,41.79924],[86.208804,41.799406],[86.207971,41.799568],[86.207136,41.799724],[86.206299,41.799875],[86.20546,41.800021],[86.204621,41.800161],[86.203779,41.800297],[86.202936,41.800427],[86.202092,41.800552],[86.201246,41.800671],[86.200399,41.800786],[86.19955,41.800895],[86.198701,41.800998],[86.19785,41.801097],[86.196999,41.80119],[86.196146,41.801278],[86.195292,41.801361],[86.194438,41.801438],[86.193582,41.80151],[86.192726,41.801577],[86.191869,41.801638],[86.191011,41.801695],[86.190153,41.801745],[86.189295,41.801791],[86.188435,41.801831],[86.187576,41.801865],[86.186716,41.801895],[86.185856,41.801919],[86.184995,41.801938],[86.184134,41.801951],[86.183274,41.801959],[86.182413,41.801962]]]},"properties":{"name":"库尔勒市","time":"2018.01.08 00:00-2020.01.08 24:00"}},{"type":"Feature","geometry":{"type":"Polygon","coordinates":[[[82.994488,41.795921],[82.993665,41.795918],[82.992842,41.79591],[82.992019,41.795896],[82.991197,41.795878],[82.990374,41.795854],[82.989552,41.795824],[82.98873,41.795789],[82.987909,41.795749],[82.987088,41.795704],[82.986268,41.795653],[82.985448,41.795597],[82.984629,41.795535],[82.983811,41.795468],[82.982993,41.795396],[82.982177,41.795319],[82.981361,41.795236],[82.980547,41.795148],[82.979733,41.795055],[82.978921,41.794956],[82.978109,41.794852],[82.977299,41.794743],[82.976491,41.794629],[82.975683,41.794509],[82.974878,41.794384],[82.974073,41.794254],[82.97327,41.794118],[82.972469,41.793978],[82.97167,41.793832],[82.970872,41.793681],[82.970076,41.793524],[82.969282,41.793363],[82.968489,41.793196],[82.967699,41.793025],[82.966911,41.792848],[82.966125,41.792666],[82.965341,41.792479],[82.964559,41.792287],[82.96378,41.792089],[82.963003,41.791887],[82.962228,41.79168],[82.961456,41.791467],[82.960686,41.79125],[82.959919,41.791027],[82.959154,41.7908],[82.958393,41.790567],[82.957633,41.79033],[82.956877,41.790088],[82.956124,41.789841],[82.955373,41.789589],[82.954626,41.789332],[82.953881,41.78907],[82.95314,41.788803],[82.952402,41.788532],[82.951667,41.788256],[82.950935,41.787975],[82.950206,41.787689],[82.949481,41.787398],[82.94876,41.787103],[82.948041,41.786803],[82.947327,41.786499],[82.946616,41.78619],[82.945908,41.785876],[82.945205,41.785557],[82.944505,41.785234],[82.943809,41.784907],[82.943116,41.784575],[82.942428,41.784238],[82.941744,41.783897],[82.941063,41.783552],[82.940387,41.783202],[82.939715,41.782848],[82.939047,41.782489],[82.938383,41.782126],[82.937723,41.781759],[82.937068,41.781387],[82.936417,41.781012],[82.935771,41.780632],[82.935129,41.780247],[82.934492,41.779859],[82.933859,41.779467],[82.93323,41.77907],[82.932607,41.778669],[82.931988,41.778265],[82.931374,41.777856],[82.930765,41.777443],[82.93016,41.777027],[82.929561,41.776606],[82.928966,41.776181],[82.928376,41.775753],[82.927792,41.775321],[82.927212,41.774885],[82.926638,41.774445],[82.926069,41.774002],[82.925505,41.773555],[82.924946,41.773104],[82.924393,41.77265],[82.923845,41.772192],[82.923302,41.77173],[82.922765,41.771265],[82.922233,41.770796],[82.921706,41.770324],[82.921186,41.769849],[82.92067,41.76937],[82.920161,41.768888],[82.919657,41.768403],[82.919159,41.767914],[82.918666,41.767422],[82.918179,41.766927],[82.917698,41.766429],[82.917223,41.765927],[82.916754,41.765423],[82.916291,41.764915],[82.915834,41.764405],[82.915382,41.763891],[82.914937,41.763375],[82.914498,41.762856],[82.914065,41.762334],[82.913638,41.761809],[82.913217,41.761281],[82.912802,41.760751],[82.912394,41.760218],[82.911992,41.759682],[82.911596,41.759144],[82.911206,41.758603],[82.910823,41.758059],[82.910446,41.757514],[82.910075,41.756965],[82.909711,41.756415],[82.909354,41.755861],[82.909003,41.755306],[82.908658,41.754748],[82.90832,41.754189],[82.907988,41.753627],[82.907664,41.753062],[82.907345,41.752496],[82.907034,41.751928],[82.906729,41.751357],[82.90643,41.750785],[82.906139,41.750211],[82.905854,41.749635],[82.905576,41.749057],[82.905304,41.748477],[82.90504,41.747895],[82.904782,41.747312],[82.904531,41.746727],[82.904287,41.746141],[82.90405,41.745553],[82.903819,41.744963],[82.903596,41.744372],[82.903379,41.743779],[82.90317,41.743185],[82.902967,41.74259],[82.902771,41.741994],[82.902583,41.741396],[82.902401,41.740797],[82.902226,41.740197],[82.902059,41.739595],[82.901898,41.738993],[82.901745,41.738389],[82.901598,41.737785],[82.901459,41.73718],[82.901327,41.736573],[82.901201,41.735966],[82.901083,41.735359],[82.900972,41.73475],[82.900868,41.734141],[82.900772,41.733531],[82.900682,41.73292],[82.9006,41.732309],[82.900524,41.731697],[82.900456,41.731085],[82.900395,41.730472],[82.900341,41.729859],[82.900295,41.729246],[82.900255,41.728632],[82.900223,41.728019],[82.900198,41.727405],[82.90018,41.72679],[82.900169,41.726176],[82.900165,41.725562],[82.900169,41.724948],[82.90018,41.724333],[82.900198,41.723719],[82.900223,41.723105],[82.900255,41.722491],[82.900295,41.721877],[82.900341,41.721264],[82.900395,41.720651],[82.900456,41.720038],[82.900524,41.719426],[82.9006,41.718814],[82.900682,41.718203],[82.900772,41.717592],[82.900868,41.716982],[82.900972,41.716373],[82.901083,41.715764],[82.901201,41.715156],[82.901327,41.714548],[82.901459,41.713942],[82.901598,41.713336],[82.901745,41.712732],[82.901898,41.712128],[82.902059,41.711525],[82.902226,41.710924],[82.902401,41.710323],[82.902583,41.709724],[82.902771,41.709126],[82.902967,41.708529],[82.90317,41.707933],[82.903379,41.707339],[82.903596,41.706746],[82.903819,41.706155],[82.90405,41.705565],[82.904287,41.704976],[82.904531,41.70439],[82.904782,41.703804],[82.90504,41.703221],[82.905304,41.702639],[82.905576,41.702058],[82.905854,41.70148],[82.906139,41.700903],[82.90643,41.700329],[82.906729,41.699756],[82.907034,41.699185],[82.907345,41.698616],[82.907664,41.69805],[82.907988,41.697485],[82.90832,41.696922],[82.908658,41.696362],[82.909003,41.695804],[82.909354,41.695248],[82.909711,41.694694],[82.910075,41.694143],[82.910446,41.693594],[82.910823,41.693048],[82.911206,41.692504],[82.911596,41.691962],[82.911992,41.691424],[82.912394,41.690887],[82.912802,41.690354],[82.913217,41.689823],[82.913638,41.689294],[82.914065,41.688769],[82.914498,41.688246],[82.914937,41.687726],[82.915382,41.687209],[82.915834,41.686695],[82.916291,41.686184],[82.916754,41.685676],[82.917223,41.685171],[82.917698,41.684669],[82.918179,41.68417],[82.918666,41.683674],[82.919159,41.683182],[82.919657,41.682692],[82.920161,41.682206],[82.92067,41.681724],[82.921186,41.681244],[82.921706,41.680768],[82.922233,41.680295],[82.922765,41.679826],[82.923302,41.679361],[82.923845,41.678898],[82.924393,41.67844],[82.924946,41.677985],[82.925505,41.677533],[82.926069,41.677085],[82.926638,41.676641],[82.927212,41.676201],[82.927792,41.675764],[82.928376,41.675331],[82.928966,41.674902],[82.929561,41.674477],[82.93016,41.674056],[82.930765,41.673639],[82.931374,41.673225],[82.931988,41.672816],[82.932607,41.67241],[82.93323,41.672009],[82.933859,41.671612],[82.934492,41.671219],[82.935129,41.67083],[82.935771,41.670445],[82.936417,41.670064],[82.937068,41.669688],[82.937723,41.669316],[82.938383,41.668948],[82.939047,41.668584],[82.939715,41.668225],[82.940387,41.66787],[82.941063,41.667519],[82.941744,41.667173],[82.942428,41.666832],[82.943116,41.666495],[82.943809,41.666162],[82.944505,41.665834],[82.945205,41.66551],[82.945908,41.665191],[82.946616,41.664877],[82.947327,41.664567],[82.948041,41.664262],[82.94876,41.663962],[82.949481,41.663666],[82.950206,41.663375],[82.950935,41.663088],[82.951667,41.662807],[82.952402,41.66253],[82.95314,41.662258],[82.953881,41.661991],[82.954626,41.661729],[82.955373,41.661471],[82.956124,41.661219],[82.956877,41.660971],[82.957633,41.660728],[82.958393,41.66049],[82.959154,41.660258],[82.959919,41.66003],[82.960686,41.659807],[82.961456,41.659589],[82.962228,41.659376],[82.963003,41.659168],[82.96378,41.658965],[82.964559,41.658768],[82.965341,41.658575],[82.966125,41.658388],[82.966911,41.658205],[82.967699,41.658028],[82.968489,41.657856],[82.969282,41.657689],[82.970076,41.657527],[82.970872,41.657371],[82.97167,41.657219],[82.972469,41.657073],[82.97327,41.656932],[82.974073,41.656797],[82.974878,41.656666],[82.975683,41.656541],[82.976491,41.656421],[82.977299,41.656306],[82.978109,41.656197],[82.978921,41.656093],[82.979733,41.655994],[82.980547,41.6559],[82.981361,41.655812],[82.982177,41.655729],[82.982993,41.655651],[82.983811,41.655579],[82.984629,41.655512],[82.985448,41.655451],[82.986268,41.655394],[82.987088,41.655343],[82.987909,41.655298],[82.98873,41.655258],[82.989552,41.655223],[82.990374,41.655193],[82.991197,41.655169],[82.992019,41.65515],[82.992842,41.655137],[82.993665,41.655129],[82.994488,41.655126],[82.995312,41.655129],[82.996135,41.655137],[82.996957,41.65515],[82.99778,41.655169],[82.998603,41.655193],[82.999425,41.655223],[83.000247,41.655258],[83.001068,41.655298],[83.001889,41.655343],[83.002709,41.655394],[83.003529,41.655451],[83.004348,41.655512],[83.005166,41.655579],[83.005983,41.655651],[83.0068,41.655729],[83.007616,41.655812],[83.00843,41.6559],[83.009244,41.655994],[83.010056,41.656093],[83.010867,41.656197],[83.011677,41.656306],[83.012486,41.656421],[83.013293,41.656541],[83.014099,41.656666],[83.014904,41.656797],[83.015706,41.656932],[83.016508,41.657073],[83.017307,41.657219],[83.018105,41.657371],[83.018901,41.657527],[83.019695,41.657689],[83.020487,41.657856],[83.021278,41.658028],[83.022066,41.658205],[83.022852,41.658388],[83.023636,41.658575],[83.024418,41.658768],[83.025197,41.658965],[83.025974,41.659168],[83.026749,41.659376],[83.027521,41.659589],[83.028291,41.659807],[83.029058,41.66003],[83.029822,41.660258],[83.030584,41.66049],[83.031343,41.660728],[83.0321,41.660971],[83.032853,41.661219],[83.033604,41.661471],[83.034351,41.661729],[83.035096,41.661991],[83.035837,41.662258],[83.036575,41.66253],[83.03731,41.662807],[83.038042,41.663088],[83.03877,41.663375],[83.039495,41.663666],[83.040217,41.663962],[83.040935,41.664262],[83.04165,41.664567],[83.042361,41.664877],[83.043068,41.665191],[83.043772,41.66551],[83.044472,41.665834],[83.045168,41.666162],[83.04586,41.666495],[83.046549,41.666832],[83.047233,41.667173],[83.047914,41.667519],[83.04859,41.66787],[83.049262,41.668225],[83.04993,41.668584],[83.050594,41.668948],[83.051253,41.669316],[83.051909,41.669688],[83.052559,41.670064],[83.053206,41.670445],[83.053848,41.67083],[83.054485,41.671219],[83.055118,41.671612],[83.055746,41.672009],[83.05637,41.67241],[83.056989,41.672816],[83.057603,41.673225],[83.058212,41.673639],[83.058817,41.674056],[83.059416,41.674477],[83.060011,41.674902],[83.0606,41.675331],[83.061185,41.675764],[83.061764,41.676201],[83.062339,41.676641],[83.062908,41.677085],[83.063472,41.677533],[83.064031,41.677985],[83.064584,41.67844],[83.065132,41.678898],[83.065675,41.679361],[83.066212,41.679826],[83.066744,41.680295],[83.06727,41.680768],[83.067791,41.681244],[83.068306,41.681724],[83.068816,41.682206],[83.06932,41.682692],[83.069818,41.683182],[83.070311,41.683674],[83.070797,41.68417],[83.071278,41.684669],[83.071753,41.685171],[83.072223,41.685676],[83.072686,41.686184],[83.073143,41.686695],[83.073594,41.687209],[83.07404,41.687726],[83.074479,41.688246],[83.074912,41.688769],[83.075339,41.689294],[83.07576,41.689823],[83.076175,41.690354],[83.076583,41.690887],[83.076985,41.691424],[83.077381,41.691962],[83.077771,41.692504],[83.078154,41.693048],[83.078531,41.693594],[83.078901,41.694143],[83.079265,41.694694],[83.079623,41.695248],[83.079974,41.695804],[83.080319,41.696362],[83.080657,41.696922],[83.080988,41.697485],[83.081313,41.69805],[83.081632,41.698616],[83.081943,41.699185],[83.082248,41.699756],[83.082547,41.700329],[83.082838,41.700903],[83.083123,41.70148],[83.083401,41.702058],[83.083673,41.702639],[83.083937,41.703221],[83.084195,41.703804],[83.084446,41.70439],[83.08469,41.704976],[83.084927,41.705565],[83.085158,41.706155],[83.085381,41.706746],[83.085598,41.707339],[83.085807,41.707933],[83.08601,41.708529],[83.086205,41.709126],[83.086394,41.709724],[83.086576,41.710323],[83.08675,41.710924],[83.086918,41.711525],[83.087079,41.712128],[83.087232,41.712732],[83.087379,41.713336],[83.087518,41.713942],[83.08765,41.714548],[83.087775,41.715156],[83.087894,41.715764],[83.088005,41.716373],[83.088108,41.716982],[83.088205,41.717592],[83.088295,41.718203],[83.088377,41.718814],[83.088453,41.719426],[83.088521,41.720038],[83.088582,41.720651],[83.088636,41.721264],[83.088682,41.721877],[83.088722,41.722491],[83.088754,41.723105],[83.088779,41.723719],[83.088797,41.724333],[83.088808,41.724948],[83.088811,41.725562],[83.088808,41.726176],[83.088797,41.72679],[83.088779,41.727405],[83.088754,41.728019],[83.088722,41.728632],[83.088682,41.729246],[83.088636,41.729859],[83.088582,41.730472],[83.088521,41.731085],[83.088453,41.731697],[83.088377,41.732309],[83.088295,41.73292],[83.088205,41.733531],[83.088108,41.734141],[83.088005,41.73475],[83.087894,41.735359],[83.087775,41.735966],[83.08765,41.736573],[83.087518,41.73718],[83.087379,41.737785],[83.087232,41.738389],[83.087079,41.738993],[83.086918,41.739595],[83.08675,41.740197],[83.086576,41.740797],[83.086394,41.741396],[83.086205,41.741994],[83.08601,41.74259],[83.085807,41.743185],[83.085598,41.743779],[83.085381,41.744372],[83.085158,41.744963],[83.084927,41.745553],[83.08469,41.746141],[83.084446,41.746727],[83.084195,41.747312],[83.083937,41.747895],[83.083673,41.748477],[83.083401,41.749057],[83.083123,41.749635],[83.082838,41.750211],[83.082547,41.750785],[83.082248,41.751357],[83.081943,41.751928],[83.081632,41.752496],[83.081313,41.753062],[83.080988,41.753627],[83.080657,41.754189],[83.080319,41.754748],[83.079974,41.755306],[83.079623,41.755861],[83.079265,41.756415],[83.078901,41.756965],[83.078531,41.757514],[83.078154,41.758059],[83.077771,41.758603],[83.077381,41.759144],[83.076985,41.759682],[83.076583,41.760218],[83.076175,41.760751],[83.07576,41.761281],[83.075339,41.761809],[83.074912,41.762334],[83.074479,41.762856],[83.07404,41.763375],[83.073594,41.763891],[83.073143,41.764405],[83.072686,41.764915],[83.072223,41.765423],[83.071753,41.765927],[83.071278,41.766429],[83.070797,41.766927],[83.070311,41.767422],[83.069818,41.767914],[83.06932,41.768403],[83.068816,41.768888],[83.068306,41.76937],[83.067791,41.769849],[83.06727,41.770324],[83.066744,41.770796],[83.066212,41.771265],[83.065675,41.77173],[83.065132,41.772192],[83.064584,41.77265],[83.064031,41.773104],[83.063472,41.773555],[83.062908,41.774002],[83.062339,41.774445],[83.061764,41.774885],[83.061185,41.775321],[83.0606,41.775753],[83.060011,41.776181],[83.059416,41.776606],[83.058817,41.777027],[83.058212,41.777443],[83.057603,41.777856],[83.056989,41.778265],[83.05637,41.778669],[83.055746,41.77907],[83.055118,41.779467],[83.054485,41.779859],[83.053848,41.780247],[83.053206,41.780632],[83.052559,41.781012],[83.051909,41.781387],[83.051253,41.781759],[83.050594,41.782126],[83.04993,41.782489],[83.049262,41.782848],[83.04859,41.783202],[83.047914,41.783552],[83.047233,41.783897],[83.046549,41.784238],[83.04586,41.784575],[83.045168,41.784907],[83.044472,41.785234],[83.043772,41.785557],[83.043068,41.785876],[83.042361,41.78619],[83.04165,41.786499],[83.040935,41.786803],[83.040217,41.787103],[83.039495,41.787398],[83.03877,41.787689],[83.038042,41.787975],[83.03731,41.788256],[83.036575,41.788532],[83.035837,41.788803],[83.035096,41.78907],[83.034351,41.789332],[83.033604,41.789589],[83.032853,41.789841],[83.0321,41.790088],[83.031343,41.79033],[83.030584,41.790567],[83.029822,41.7908],[83.029058,41.791027],[83.028291,41.79125],[83.027521,41.791467],[83.026749,41.79168],[83.025974,41.791887],[83.025197,41.792089],[83.024418,41.792287],[83.023636,41.792479],[83.022852,41.792666],[83.022066,41.792848],[83.021278,41.793025],[83.020487,41.793196],[83.019695,41.793363],[83.018901,41.793524],[83.018105,41.793681],[83.017307,41.793832],[83.016508,41.793978],[83.015706,41.794118],[83.014904,41.794254],[83.014099,41.794384],[83.013293,41.794509],[83.012486,41.794629],[83.011677,41.794743],[83.010867,41.794852],[83.010056,41.794956],[83.009244,41.795055],[83.00843,41.795148],[83.007616,41.795236],[83.0068,41.795319],[83.005983,41.795396],[83.005166,41.795468],[83.004348,41.795535],[83.003529,41.795597],[83.002709,41.795653],[83.001889,41.795704],[83.001068,41.795749],[83.000247,41.795789],[82.999425,41.795824],[82.998603,41.795854],[82.99778,41.795878],[82.996957,41.795896],[82.996135,41.79591],[82.995312,41.795918],[82.994488,41.795921]]]},"properties":{"name":"库车县","time":"2018.01.08 00:00-2020.01.08 24:00"}},{"type":"Feature","geometry":{"type":"Polygon","coordinates":[[[84.881254,45.637079],[84.880514,45.637077],[84.879774,45.637069],[84.879034,45.637057],[84.878294,45.637039],[84.877554,45.637017],[84.876815,45.636989],[84.876076,45.636956],[84.875337,45.636919],[84.8746,45.636876],[84.873862,45.636829],[84.873126,45.636776],[84.87239,45.636718],[84.871655,45.636656],[84.870921,45.636588],[84.870188,45.636516],[84.869456,45.636438],[84.868725,45.636356],[84.867995,45.636268],[84.867267,45.636176],[84.86654,45.636079],[84.865814,45.635976],[84.865089,45.635869],[84.864367,45.635757],[84.863645,45.63564],[84.862926,45.635518],[84.862208,45.635392],[84.861492,45.63526],[84.860778,45.635124],[84.860065,45.634983],[84.859355,45.634836],[84.858647,45.634686],[84.857941,45.63453],[84.857237,45.634369],[84.856535,45.634204],[84.855836,45.634034],[84.855139,45.63386],[84.854444,45.63368],[84.853752,45.633496],[84.853063,45.633307],[84.852376,45.633114],[84.851692,45.632916],[84.851011,45.632713],[84.850333,45.632506],[84.849657,45.632294],[84.848985,45.632077],[84.848315,45.631856],[84.847649,45.63163],[84.846986,45.6314],[84.846326,45.631166],[84.845669,45.630927],[84.845016,45.630683],[84.844366,45.630435],[84.843719,45.630183],[84.843076,45.629926],[84.842437,45.629665],[84.841801,45.6294],[84.841169,45.62913],[84.840541,45.628856],[84.839916,45.628578],[84.839296,45.628296],[84.838679,45.628009],[84.838067,45.627718],[84.837458,45.627423],[84.836854,45.627124],[84.836253,45.626821],[84.835657,45.626514],[84.835066,45.626203],[84.834478,45.625888],[84.833895,45.625568],[84.833317,45.625245],[84.832743,45.624918],[84.832173,45.624587],[84.831608,45.624253],[84.831048,45.623914],[84.830493,45.623572],[84.829942,45.623226],[84.829396,45.622876],[84.828855,45.622522],[84.828319,45.622165],[84.827788,45.621804],[84.827262,45.62144],[84.826741,45.621072],[84.826225,45.620701],[84.825715,45.620326],[84.825209,45.619947],[84.824709,45.619566],[84.824214,45.61918],[84.823725,45.618792],[84.82324,45.6184],[84.822762,45.618005],[84.822289,45.617607],[84.821821,45.617205],[84.821359,45.616801],[84.820903,45.616393],[84.820452,45.615982],[84.820007,45.615568],[84.819568,45.615151],[84.819134,45.614731],[84.818707,45.614309],[84.818285,45.613883],[84.817869,45.613454],[84.817459,45.613023],[84.817055,45.612589],[84.816658,45.612152],[84.816266,45.611713],[84.81588,45.611271],[84.815501,45.610826],[84.815128,45.610379],[84.81476,45.609929],[84.8144,45.609477],[84.814045,45.609022],[84.813697,45.608565],[84.813355,45.608105],[84.81302,45.607644],[84.81269,45.60718],[84.812368,45.606714],[84.812052,45.606245],[84.811742,45.605775],[84.811439,45.605302],[84.811142,45.604828],[84.810852,45.604351],[84.810569,45.603872],[84.810292,45.603392],[84.810022,45.60291],[84.809759,45.602426],[84.809503,45.60194],[84.809253,45.601452],[84.80901,45.600963],[84.808773,45.600472],[84.808544,45.599979],[84.808321,45.599485],[84.808105,45.59899],[84.807897,45.598493],[84.807695,45.597994],[84.807499,45.597495],[84.807311,45.596994],[84.80713,45.596491],[84.806956,45.595988],[84.806789,45.595483],[84.806628,45.594977],[84.806475,45.594471],[84.806329,45.593963],[84.80619,45.593454],[84.806058,45.592944],[84.805933,45.592434],[84.805815,45.591922],[84.805704,45.59141],[84.8056,45.590897],[84.805504,45.590383],[84.805414,45.589869],[84.805332,45.589354],[84.805256,45.588839],[84.805188,45.588323],[84.805127,45.587806],[84.805074,45.587289],[84.805027,45.586772],[84.804987,45.586255],[84.804955,45.585737],[84.80493,45.585219],[84.804912,45.584701],[84.804901,45.584183],[84.804898,45.583665],[84.804901,45.583147],[84.804912,45.582629],[84.80493,45.582111],[84.804955,45.581593],[84.804987,45.581075],[84.805027,45.580558],[84.805074,45.580041],[84.805127,45.579524],[84.805188,45.579007],[84.805256,45.578491],[84.805332,45.577976],[84.805414,45.577461],[84.805504,45.576946],[84.8056,45.576433],[84.805704,45.57592],[84.805815,45.575407],[84.805933,45.574896],[84.806058,45.574385],[84.80619,45.573875],[84.806329,45.573366],[84.806475,45.572858],[84.806628,45.572351],[84.806789,45.571845],[84.806956,45.57134],[84.80713,45.570836],[84.807311,45.570334],[84.807499,45.569832],[84.807695,45.569332],[84.807897,45.568834],[84.808105,45.568336],[84.808321,45.567841],[84.808544,45.567346],[84.808773,45.566854],[84.80901,45.566362],[84.809253,45.565873],[84.809503,45.565385],[84.809759,45.564899],[84.810022,45.564414],[84.810292,45.563932],[84.810569,45.563451],[84.810852,45.562972],[84.811142,45.562495],[84.811439,45.56202],[84.811742,45.561547],[84.812052,45.561076],[84.812368,45.560607],[84.81269,45.560141],[84.81302,45.559676],[84.813355,45.559214],[84.813697,45.558755],[84.814045,45.558297],[84.8144,45.557842],[84.81476,45.557389],[84.815128,45.556939],[84.815501,45.556491],[84.81588,45.556046],[84.816266,45.555604],[84.816658,45.555164],[84.817055,45.554727],[84.817459,45.554292],[84.817869,45.55386],[84.818285,45.553431],[84.818707,45.553005],[84.819134,45.552582],[84.819568,45.552162],[84.820007,45.551744],[84.820452,45.55133],[84.820903,45.550919],[84.821359,45.55051],[84.821821,45.550105],[84.822289,45.549703],[84.822762,45.549304],[84.82324,45.548909],[84.823725,45.548517],[84.824214,45.548128],[84.824709,45.547742],[84.825209,45.54736],[84.825715,45.546981],[84.826225,45.546605],[84.826741,45.546233],[84.827262,45.545865],[84.827788,45.5455],[84.828319,45.545139],[84.828855,45.544781],[84.829396,45.544427],[84.829942,45.544077],[84.830493,45.54373],[84.831048,45.543387],[84.831608,45.543048],[84.832173,45.542713],[84.832743,45.542382],[84.833317,45.542054],[84.833895,45.541731],[84.834478,45.541411],[84.835066,45.541095],[84.835657,45.540784],[84.836253,45.540476],[84.836854,45.540172],[84.837458,45.539873],[84.838067,45.539578],[84.838679,45.539286],[84.839296,45.538999],[84.839916,45.538716],[84.840541,45.538438],[84.841169,45.538163],[84.841801,45.537893],[84.842437,45.537628],[84.843076,45.537366],[84.843719,45.537109],[84.844366,45.536856],[84.845016,45.536608],[84.845669,45.536364],[84.846326,45.536125],[84.846986,45.53589],[84.847649,45.535659],[84.848315,45.535433],[84.848985,45.535212],[84.849657,45.534995],[84.850333,45.534782],[84.851011,45.534575],[84.851692,45.534372],[84.852376,45.534173],[84.853063,45.533979],[84.853752,45.53379],[84.854444,45.533606],[84.855139,45.533426],[84.855836,45.533251],[84.856535,45.533081],[84.857237,45.532915],[84.857941,45.532754],[84.858647,45.532598],[84.859355,45.532447],[84.860065,45.532301],[84.860778,45.532159],[84.861492,45.532023],[84.862208,45.531891],[84.862926,45.531764],[84.863645,45.531642],[84.864367,45.531525],[84.865089,45.531413],[84.865814,45.531305],[84.86654,45.531203],[84.867267,45.531105],[84.867995,45.531013],[84.868725,45.530925],[84.869456,45.530843],[84.870188,45.530765],[84.870921,45.530692],[84.871655,45.530625],[84.87239,45.530562],[84.873126,45.530504],[84.873862,45.530451],[84.8746,45.530404],[84.875337,45.530361],[84.876076,45.530323],[84.876815,45.530291],[84.877554,45.530263],[84.878294,45.53024],[84.879034,45.530223],[84.879774,45.53021],[84.880514,45.530203],[84.881254,45.5302],[84.881995,45.530203],[84.882735,45.53021],[84.883475,45.530223],[84.884215,45.53024],[84.884955,45.530263],[84.885694,45.530291],[84.886433,45.530323],[84.887172,45.530361],[84.887909,45.530404],[84.888647,45.530451],[84.889383,45.530504],[84.890119,45.530562],[84.890854,45.530625],[84.891588,45.530692],[84.892321,45.530765],[84.893053,45.530843],[84.893784,45.530925],[84.894514,45.531013],[84.895242,45.531105],[84.895969,45.531203],[84.896695,45.531305],[84.89742,45.531413],[84.898142,45.531525],[84.898864,45.531642],[84.899583,45.531764],[84.900301,45.531891],[84.901017,45.532023],[84.901731,45.532159],[84.902444,45.532301],[84.903154,45.532447],[84.903862,45.532598],[84.904568,45.532754],[84.905272,45.532915],[84.905974,45.533081],[84.906673,45.533251],[84.90737,45.533426],[84.908065,45.533606],[84.908757,45.53379],[84.909446,45.533979],[84.910133,45.534173],[84.910817,45.534372],[84.911498,45.534575],[84.912176,45.534782],[84.912852,45.534995],[84.913524,45.535212],[84.914194,45.535433],[84.91486,45.535659],[84.915523,45.53589],[84.916183,45.536125],[84.91684,45.536364],[84.917493,45.536608],[84.918143,45.536856],[84.91879,45.537109],[84.919433,45.537366],[84.920072,45.537628],[84.920708,45.537893],[84.92134,45.538163],[84.921968,45.538438],[84.922593,45.538716],[84.923213,45.538999],[84.92383,45.539286],[84.924442,45.539578],[84.925051,45.539873],[84.925655,45.540172],[84.926256,45.540476],[84.926852,45.540784],[84.927443,45.541095],[84.928031,45.541411],[84.928614,45.541731],[84.929192,45.542054],[84.929766,45.542382],[84.930336,45.542713],[84.930901,45.543048],[84.931461,45.543387],[84.932016,45.54373],[84.932567,45.544077],[84.933113,45.544427],[84.933654,45.544781],[84.93419,45.545139],[84.934721,45.5455],[84.935247,45.545865],[84.935768,45.546233],[84.936284,45.546605],[84.936794,45.546981],[84.9373,45.54736],[84.9378,45.547742],[84.938295,45.548128],[84.938784,45.548517],[84.939269,45.548909],[84.939747,45.549304],[84.94022,45.549703],[84.940688,45.550105],[84.94115,45.55051],[84.941606,45.550919],[84.942057,45.55133],[84.942502,45.551744],[84.942941,45.552162],[84.943375,45.552582],[84.943802,45.553005],[84.944224,45.553431],[84.94464,45.55386],[84.94505,45.554292],[84.945454,45.554727],[84.945851,45.555164],[84.946243,45.555604],[84.946629,45.556046],[84.947008,45.556491],[84.947381,45.556939],[84.947748,45.557389],[84.948109,45.557842],[84.948464,45.558297],[84.948812,45.558755],[84.949154,45.559214],[84.949489,45.559676],[84.949818,45.560141],[84.950141,45.560607],[84.950457,45.561076],[84.950767,45.561547],[84.95107,45.56202],[84.951367,45.562495],[84.951656,45.562972],[84.95194,45.563451],[84.952216,45.563932],[84.952487,45.564414],[84.95275,45.564899],[84.953006,45.565385],[84.953256,45.565873],[84.953499,45.566362],[84.953736,45.566854],[84.953965,45.567346],[84.954188,45.567841],[84.954404,45.568336],[84.954612,45.568834],[84.954814,45.569332],[84.955009,45.569832],[84.955198,45.570334],[84.955379,45.570836],[84.955553,45.57134],[84.95572,45.571845],[84.955881,45.572351],[84.956034,45.572858],[84.95618,45.573366],[84.956319,45.573875],[84.956451,45.574385],[84.956576,45.574896],[84.956694,45.575407],[84.956805,45.57592],[84.956909,45.576433],[84.957005,45.576946],[84.957095,45.577461],[84.957177,45.577976],[84.957253,45.578491],[84.957321,45.579007],[84.957382,45.579524],[84.957435,45.580041],[84.957482,45.580558],[84.957522,45.581075],[84.957554,45.581593],[84.957579,45.582111],[84.957597,45.582629],[84.957608,45.583147],[84.957611,45.583665],[84.957608,45.584183],[84.957597,45.584701],[84.957579,45.585219],[84.957554,45.585737],[84.957522,45.586255],[84.957482,45.586772],[84.957435,45.587289],[84.957382,45.587806],[84.957321,45.588323],[84.957253,45.588839],[84.957177,45.589354],[84.957095,45.589869],[84.957005,45.590383],[84.956909,45.590897],[84.956805,45.59141],[84.956694,45.591922],[84.956576,45.592434],[84.956451,45.592944],[84.956319,45.593454],[84.95618,45.593963],[84.956034,45.594471],[84.955881,45.594977],[84.95572,45.595483],[84.955553,45.595988],[84.955379,45.596491],[84.955198,45.596994],[84.955009,45.597495],[84.954814,45.597994],[84.954612,45.598493],[84.954404,45.59899],[84.954188,45.599485],[84.953965,45.599979],[84.953736,45.600472],[84.953499,45.600963],[84.953256,45.601452],[84.953006,45.60194],[84.95275,45.602426],[84.952487,45.60291],[84.952216,45.603392],[84.95194,45.603872],[84.951656,45.604351],[84.951367,45.604828],[84.95107,45.605302],[84.950767,45.605775],[84.950457,45.606245],[84.950141,45.606714],[84.949818,45.60718],[84.949489,45.607644],[84.949154,45.608105],[84.948812,45.608565],[84.948464,45.609022],[84.948109,45.609477],[84.947748,45.609929],[84.947381,45.610379],[84.947008,45.610826],[84.946629,45.611271],[84.946243,45.611713],[84.945851,45.612152],[84.945454,45.612589],[84.94505,45.613023],[84.94464,45.613454],[84.944224,45.613883],[84.943802,45.614309],[84.943375,45.614731],[84.942941,45.615151],[84.942502,45.615568],[84.942057,45.615982],[84.941606,45.616393],[84.94115,45.616801],[84.940688,45.617205],[84.94022,45.617607],[84.939747,45.618005],[84.939269,45.6184],[84.938784,45.618792],[84.938295,45.61918],[84.9378,45.619566],[84.9373,45.619947],[84.936794,45.620326],[84.936284,45.620701],[84.935768,45.621072],[84.935247,45.62144],[84.934721,45.621804],[84.93419,45.622165],[84.933654,45.622522],[84.933113,45.622876],[84.932567,45.623226],[84.932016,45.623572],[84.931461,45.623914],[84.930901,45.624253],[84.930336,45.624587],[84.929766,45.624918],[84.929192,45.625245],[84.928614,45.625568],[84.928031,45.625888],[84.927443,45.626203],[84.926852,45.626514],[84.926256,45.626821],[84.925655,45.627124],[84.925051,45.627423],[84.924442,45.627718],[84.92383,45.628009],[84.923213,45.628296],[84.922593,45.628578],[84.921968,45.628856],[84.92134,45.62913],[84.920708,45.6294],[84.920072,45.629665],[84.919433,45.629926],[84.91879,45.630183],[84.918143,45.630435],[84.917493,45.630683],[84.91684,45.630927],[84.916183,45.631166],[84.915523,45.6314],[84.91486,45.63163],[84.914194,45.631856],[84.913524,45.632077],[84.912852,45.632294],[84.912176,45.632506],[84.911498,45.632713],[84.910817,45.632916],[84.910133,45.633114],[84.909446,45.633307],[84.908757,45.633496],[84.908065,45.63368],[84.90737,45.63386],[84.906673,45.634034],[84.905974,45.634204],[84.905272,45.634369],[84.904568,45.63453],[84.903862,45.634686],[84.903154,45.634836],[84.902444,45.634983],[84.901731,45.635124],[84.901017,45.63526],[84.900301,45.635392],[84.899583,45.635518],[84.898864,45.63564],[84.898142,45.635757],[84.89742,45.635869],[84.896695,45.635976],[84.895969,45.636079],[84.895242,45.636176],[84.894514,45.636268],[84.893784,45.636356],[84.893053,45.636438],[84.892321,45.636516],[84.891588,45.636588],[84.890854,45.636656],[84.890119,45.636718],[84.889383,45.636776],[84.888647,45.636829],[84.887909,45.636876],[84.887172,45.636919],[84.886433,45.636956],[84.885694,45.636989],[84.884955,45.637017],[84.884215,45.637039],[84.883475,45.637057],[84.882735,45.637069],[84.881995,45.637077],[84.881254,45.637079]]]},"properties":{"name":"克拉玛依市","time":"2018.01.08 00:00-2020.01.08 24:00"}},{"type":"Feature","geometry":{"type":"Polygon","coordinates":[[[76.001922,39.55395],[76.001099,39.553947],[76.000276,39.553939],[75.999453,39.553925],[75.99863,39.553906],[75.997808,39.553881],[75.996985,39.553851],[75.996164,39.553815],[75.995342,39.553773],[75.994521,39.553726],[75.993701,39.553674],[75.992881,39.553615],[75.992062,39.553552],[75.991244,39.553483],[75.990427,39.553408],[75.98961,39.553328],[75.988795,39.553243],[75.98798,39.553151],[75.987167,39.553055],[75.986354,39.552953],[75.985543,39.552845],[75.984733,39.552732],[75.983924,39.552614],[75.983117,39.55249],[75.982311,39.552361],[75.981507,39.552226],[75.980704,39.552086],[75.979903,39.551941],[75.979103,39.55179],[75.978305,39.551634],[75.977509,39.551472],[75.976715,39.551305],[75.975923,39.551133],[75.975133,39.550955],[75.974345,39.550772],[75.973558,39.550584],[75.972774,39.550391],[75.971993,39.550192],[75.971213,39.549988],[75.970436,39.549779],[75.969662,39.549564],[75.968889,39.549345],[75.96812,39.54912],[75.967352,39.54889],[75.966588,39.548654],[75.965826,39.548414],[75.965067,39.548169],[75.964311,39.547918],[75.963557,39.547663],[75.962807,39.547402],[75.962059,39.547136],[75.961315,39.546865],[75.960573,39.54659],[75.959835,39.546309],[75.9591,39.546023],[75.958368,39.545733],[75.95764,39.545437],[75.956915,39.545137],[75.956193,39.544831],[75.955475,39.544521],[75.95476,39.544206],[75.954049,39.543886],[75.953342,39.543562],[75.952638,39.543233],[75.951938,39.542899],[75.951242,39.54256],[75.95055,39.542217],[75.949862,39.541868],[75.949177,39.541516],[75.948497,39.541159],[75.94782,39.540797],[75.947148,39.54043],[75.94648,39.54006],[75.945816,39.539684],[75.945157,39.539304],[75.944502,39.53892],[75.943851,39.538532],[75.943204,39.538139],[75.942562,39.537741],[75.941925,39.53734],[75.941292,39.536934],[75.940664,39.536523],[75.94004,39.536109],[75.939422,39.535691],[75.938807,39.535268],[75.938198,39.534841],[75.937594,39.53441],[75.936994,39.533975],[75.9364,39.533536],[75.93581,39.533093],[75.935225,39.532646],[75.934646,39.532195],[75.934072,39.531741],[75.933502,39.531282],[75.932938,39.53082],[75.93238,39.530353],[75.931826,39.529883],[75.931278,39.52941],[75.930735,39.528932],[75.930198,39.528452],[75.929666,39.527967],[75.92914,39.527479],[75.928619,39.526987],[75.928104,39.526492],[75.927594,39.525993],[75.92709,39.525491],[75.926592,39.524986],[75.9261,39.524477],[75.925613,39.523965],[75.925132,39.52345],[75.924657,39.522931],[75.924188,39.52241],[75.923725,39.521885],[75.923267,39.521357],[75.922816,39.520826],[75.922371,39.520292],[75.921931,39.519755],[75.921498,39.519215],[75.921071,39.518672],[75.92065,39.518127],[75.920236,39.517578],[75.919827,39.517027],[75.919425,39.516473],[75.919029,39.515916],[75.91864,39.515357],[75.918256,39.514795],[75.917879,39.51423],[75.917509,39.513663],[75.917145,39.513094],[75.916787,39.512522],[75.916436,39.511947],[75.916092,39.51137],[75.915753,39.510791],[75.915422,39.51021],[75.915097,39.509627],[75.914779,39.509041],[75.914467,39.508453],[75.914162,39.507863],[75.913864,39.507272],[75.913572,39.506678],[75.913287,39.506082],[75.913009,39.505484],[75.912738,39.504885],[75.912473,39.504283],[75.912215,39.50368],[75.911964,39.503075],[75.91172,39.502469],[75.911483,39.50186],[75.911253,39.501251],[75.911029,39.500639],[75.910813,39.500027],[75.910603,39.499412],[75.910401,39.498797],[75.910205,39.49818],[75.910016,39.497562],[75.909835,39.496942],[75.90966,39.496321],[75.909492,39.495699],[75.909332,39.495076],[75.909178,39.494452],[75.909032,39.493827],[75.908892,39.493201],[75.90876,39.492574],[75.908635,39.491947],[75.908517,39.491318],[75.908406,39.490689],[75.908302,39.490058],[75.908205,39.489428],[75.908116,39.488796],[75.908033,39.488164],[75.907958,39.487531],[75.90789,39.486898],[75.907829,39.486265],[75.907775,39.485631],[75.907728,39.484997],[75.907689,39.484362],[75.907656,39.483727],[75.907631,39.483092],[75.907613,39.482457],[75.907602,39.481822],[75.907599,39.481187],[75.907602,39.480551],[75.907613,39.479916],[75.907631,39.479281],[75.907656,39.478646],[75.907689,39.478011],[75.907728,39.477376],[75.907775,39.476742],[75.907829,39.476108],[75.90789,39.475474],[75.907958,39.474841],[75.908033,39.474209],[75.908116,39.473576],[75.908205,39.472945],[75.908302,39.472314],[75.908406,39.471683],[75.908517,39.471054],[75.908635,39.470425],[75.90876,39.469797],[75.908892,39.46917],[75.909032,39.468544],[75.909178,39.467918],[75.909332,39.467294],[75.909492,39.466671],[75.90966,39.466049],[75.909835,39.465428],[75.910016,39.464808],[75.910205,39.464189],[75.910401,39.463572],[75.910603,39.462956],[75.910813,39.462342],[75.911029,39.461729],[75.911253,39.461117],[75.911483,39.460507],[75.91172,39.459898],[75.911964,39.459291],[75.912215,39.458686],[75.912473,39.458082],[75.912738,39.457481],[75.913009,39.456881],[75.913287,39.456283],[75.913572,39.455686],[75.913864,39.455092],[75.914162,39.4545],[75.914467,39.453909],[75.914779,39.453321],[75.915097,39.452735],[75.915422,39.452151],[75.915753,39.451569],[75.916092,39.45099],[75.916436,39.450413],[75.916787,39.449838],[75.917145,39.449265],[75.917509,39.448695],[75.917879,39.448128],[75.918256,39.447562],[75.91864,39.447],[75.919029,39.44644],[75.919425,39.445883],[75.919827,39.445328],[75.920236,39.444776],[75.92065,39.444227],[75.921071,39.443681],[75.921498,39.443137],[75.921931,39.442597],[75.922371,39.442059],[75.922816,39.441525],[75.923267,39.440993],[75.923725,39.440465],[75.924188,39.439939],[75.924657,39.439417],[75.925132,39.438898],[75.925613,39.438382],[75.9261,39.437869],[75.926592,39.43736],[75.92709,39.436854],[75.927594,39.436351],[75.928104,39.435852],[75.928619,39.435356],[75.92914,39.434864],[75.929666,39.434375],[75.930198,39.43389],[75.930735,39.433408],[75.931278,39.43293],[75.931826,39.432456],[75.93238,39.431985],[75.932938,39.431518],[75.933502,39.431055],[75.934072,39.430596],[75.934646,39.430141],[75.935225,39.429689],[75.93581,39.429241],[75.9364,39.428798],[75.936994,39.428358],[75.937594,39.427922],[75.938198,39.427491],[75.938807,39.427063],[75.939422,39.42664],[75.94004,39.426221],[75.940664,39.425806],[75.941292,39.425395],[75.941925,39.424988],[75.942562,39.424586],[75.943204,39.424188],[75.943851,39.423794],[75.944502,39.423405],[75.945157,39.42302],[75.945816,39.42264],[75.94648,39.422264],[75.947148,39.421892],[75.94782,39.421525],[75.948497,39.421163],[75.949177,39.420805],[75.949862,39.420452],[75.95055,39.420103],[75.951242,39.419759],[75.951938,39.41942],[75.952638,39.419085],[75.953342,39.418755],[75.954049,39.41843],[75.95476,39.41811],[75.955475,39.417794],[75.956193,39.417484],[75.956915,39.417178],[75.95764,39.416877],[75.958368,39.416581],[75.9591,39.41629],[75.959835,39.416003],[75.960573,39.415722],[75.961315,39.415446],[75.962059,39.415175],[75.962807,39.414908],[75.963557,39.414647],[75.964311,39.414391],[75.965067,39.41414],[75.965826,39.413894],[75.966588,39.413653],[75.967352,39.413418],[75.96812,39.413187],[75.968889,39.412962],[75.969662,39.412742],[75.970436,39.412527],[75.971213,39.412317],[75.971993,39.412113],[75.972774,39.411914],[75.973558,39.41172],[75.974345,39.411531],[75.975133,39.411348],[75.975923,39.41117],[75.976715,39.410997],[75.977509,39.41083],[75.978305,39.410668],[75.979103,39.410512],[75.979903,39.41036],[75.980704,39.410215],[75.981507,39.410074],[75.982311,39.409939],[75.983117,39.40981],[75.983924,39.409686],[75.984733,39.409567],[75.985543,39.409454],[75.986354,39.409346],[75.987167,39.409244],[75.98798,39.409147],[75.988795,39.409056],[75.98961,39.40897],[75.990427,39.40889],[75.991244,39.408815],[75.992062,39.408746],[75.992881,39.408682],[75.993701,39.408624],[75.994521,39.408571],[75.995342,39.408524],[75.996164,39.408483],[75.996985,39.408447],[75.997808,39.408416],[75.99863,39.408391],[75.999453,39.408372],[76.000276,39.408358],[76.001099,39.40835],[76.001922,39.408347],[76.002745,39.40835],[76.003568,39.408358],[76.004391,39.408372],[76.005214,39.408391],[76.006036,39.408416],[76.006858,39.408447],[76.00768,39.408483],[76.008502,39.408524],[76.009322,39.408571],[76.010143,39.408624],[76.010962,39.408682],[76.011781,39.408746],[76.0126,39.408815],[76.013417,39.40889],[76.014234,39.40897],[76.015049,39.409056],[76.015864,39.409147],[76.016677,39.409244],[76.01749,39.409346],[76.018301,39.409454],[76.019111,39.409567],[76.01992,39.409686],[76.020727,39.40981],[76.021533,39.409939],[76.022337,39.410074],[76.02314,39.410215],[76.023941,39.41036],[76.024741,39.410512],[76.025539,39.410668],[76.026335,39.41083],[76.027129,39.410997],[76.027921,39.41117],[76.028711,39.411348],[76.029499,39.411531],[76.030285,39.41172],[76.031069,39.411914],[76.031851,39.412113],[76.032631,39.412317],[76.033408,39.412527],[76.034182,39.412742],[76.034955,39.412962],[76.035724,39.413187],[76.036491,39.413418],[76.037256,39.413653],[76.038018,39.413894],[76.038777,39.41414],[76.039533,39.414391],[76.040287,39.414647],[76.041037,39.414908],[76.041785,39.415175],[76.042529,39.415446],[76.04327,39.415722],[76.044009,39.416003],[76.044744,39.41629],[76.045475,39.416581],[76.046204,39.416877],[76.046929,39.417178],[76.047651,39.417484],[76.048369,39.417794],[76.049083,39.41811],[76.049795,39.41843],[76.050502,39.418755],[76.051206,39.419085],[76.051906,39.41942],[76.052602,39.419759],[76.053294,39.420103],[76.053982,39.420452],[76.054667,39.420805],[76.055347,39.421163],[76.056023,39.421525],[76.056696,39.421892],[76.057364,39.422264],[76.058027,39.42264],[76.058687,39.42302],[76.059342,39.423405],[76.059993,39.423794],[76.060639,39.424188],[76.061281,39.424586],[76.061919,39.424988],[76.062552,39.425395],[76.06318,39.425806],[76.063803,39.426221],[76.064422,39.42664],[76.065036,39.427063],[76.065646,39.427491],[76.06625,39.427922],[76.06685,39.428358],[76.067444,39.428798],[76.068034,39.429241],[76.068618,39.429689],[76.069198,39.430141],[76.069772,39.430596],[76.070341,39.431055],[76.070905,39.431518],[76.071464,39.431985],[76.072018,39.432456],[76.072566,39.43293],[76.073108,39.433408],[76.073646,39.43389],[76.074178,39.434375],[76.074704,39.434864],[76.075225,39.435356],[76.07574,39.435852],[76.07625,39.436351],[76.076753,39.436854],[76.077252,39.43736],[76.077744,39.437869],[76.078231,39.438382],[76.078712,39.438898],[76.079187,39.439417],[76.079656,39.439939],[76.080119,39.440465],[76.080577,39.440993],[76.081028,39.441525],[76.081473,39.442059],[76.081912,39.442597],[76.082346,39.443137],[76.082773,39.443681],[76.083193,39.444227],[76.083608,39.444776],[76.084017,39.445328],[76.084419,39.445883],[76.084815,39.44644],[76.085204,39.447],[76.085588,39.447562],[76.085964,39.448128],[76.086335,39.448695],[76.086699,39.449265],[76.087057,39.449838],[76.087408,39.450413],[76.087752,39.45099],[76.08809,39.451569],[76.088422,39.452151],[76.088747,39.452735],[76.089065,39.453321],[76.089377,39.453909],[76.089682,39.4545],[76.08998,39.455092],[76.090272,39.455686],[76.090557,39.456283],[76.090835,39.456881],[76.091106,39.457481],[76.091371,39.458082],[76.091629,39.458686],[76.091879,39.459291],[76.092124,39.459898],[76.092361,39.460507],[76.092591,39.461117],[76.092815,39.461729],[76.093031,39.462342],[76.093241,39.462956],[76.093443,39.463572],[76.093639,39.464189],[76.093828,39.464808],[76.094009,39.465428],[76.094184,39.466049],[76.094351,39.466671],[76.094512,39.467294],[76.094666,39.467918],[76.094812,39.468544],[76.094951,39.46917],[76.095084,39.469797],[76.095209,39.470425],[76.095327,39.471054],[76.095438,39.471683],[76.095542,39.472314],[76.095639,39.472945],[76.095728,39.473576],[76.095811,39.474209],[76.095886,39.474841],[76.095954,39.475474],[76.096015,39.476108],[76.096069,39.476742],[76.096116,39.477376],[76.096155,39.478011],[76.096188,39.478646],[76.096213,39.479281],[76.096231,39.479916],[76.096241,39.480551],[76.096245,39.481187],[76.096241,39.481822],[76.096231,39.482457],[76.096213,39.483092],[76.096188,39.483727],[76.096155,39.484362],[76.096116,39.484997],[76.096069,39.485631],[76.096015,39.486265],[76.095954,39.486898],[76.095886,39.487531],[76.095811,39.488164],[76.095728,39.488796],[76.095639,39.489428],[76.095542,39.490058],[76.095438,39.490689],[76.095327,39.491318],[76.095209,39.491947],[76.095084,39.492574],[76.094951,39.493201],[76.094812,39.493827],[76.094666,39.494452],[76.094512,39.495076],[76.094351,39.495699],[76.094184,39.496321],[76.094009,39.496942],[76.093828,39.497562],[76.093639,39.49818],[76.093443,39.498797],[76.093241,39.499412],[76.093031,39.500027],[76.092815,39.500639],[76.092591,39.501251],[76.092361,39.50186],[76.092124,39.502469],[76.091879,39.503075],[76.091629,39.50368],[76.091371,39.504283],[76.091106,39.504885],[76.090835,39.505484],[76.090557,39.506082],[76.090272,39.506678],[76.08998,39.507272],[76.089682,39.507863],[76.089377,39.508453],[76.089065,39.509041],[76.088747,39.509627],[76.088422,39.51021],[76.08809,39.510791],[76.087752,39.51137],[76.087408,39.511947],[76.087057,39.512522],[76.086699,39.513094],[76.086335,39.513663],[76.085964,39.51423],[76.085588,39.514795],[76.085204,39.515357],[76.084815,39.515916],[76.084419,39.516473],[76.084017,39.517027],[76.083608,39.517578],[76.083193,39.518127],[76.082773,39.518672],[76.082346,39.519215],[76.081912,39.519755],[76.081473,39.520292],[76.081028,39.520826],[76.080577,39.521357],[76.080119,39.521885],[76.079656,39.52241],[76.079187,39.522931],[76.078712,39.52345],[76.078231,39.523965],[76.077744,39.524477],[76.077252,39.524986],[76.076753,39.525491],[76.07625,39.525993],[76.07574,39.526492],[76.075225,39.526987],[76.074704,39.527479],[76.074178,39.527967],[76.073646,39.528452],[76.073108,39.528932],[76.072566,39.52941],[76.072018,39.529883],[76.071464,39.530353],[76.070905,39.53082],[76.070341,39.531282],[76.069772,39.531741],[76.069198,39.532195],[76.068618,39.532646],[76.068034,39.533093],[76.067444,39.533536],[76.06685,39.533975],[76.06625,39.53441],[76.065646,39.534841],[76.065036,39.535268],[76.064422,39.535691],[76.063803,39.536109],[76.06318,39.536523],[76.062552,39.536934],[76.061919,39.53734],[76.061281,39.537741],[76.060639,39.538139],[76.059993,39.538532],[76.059342,39.53892],[76.058687,39.539304],[76.058027,39.539684],[76.057364,39.54006],[76.056696,39.54043],[76.056023,39.540797],[76.055347,39.541159],[76.054667,39.541516],[76.053982,39.541868],[76.053294,39.542217],[76.052602,39.54256],[76.051906,39.542899],[76.051206,39.543233],[76.050502,39.543562],[76.049795,39.543886],[76.049083,39.544206],[76.048369,39.544521],[76.047651,39.544831],[76.046929,39.545137],[76.046204,39.545437],[76.045475,39.545733],[76.044744,39.546023],[76.044009,39.546309],[76.04327,39.54659],[76.042529,39.546865],[76.041785,39.547136],[76.041037,39.547402],[76.040287,39.547663],[76.039533,39.547918],[76.038777,39.548169],[76.038018,39.548414],[76.037256,39.548654],[76.036491,39.54889],[76.035724,39.54912],[76.034955,39.549345],[76.034182,39.549564],[76.033408,39.549779],[76.032631,39.549988],[76.031851,39.550192],[76.031069,39.550391],[76.030285,39.550584],[76.029499,39.550772],[76.028711,39.550955],[76.027921,39.551133],[76.027129,39.551305],[76.026335,39.551472],[76.025539,39.551634],[76.024741,39.55179],[76.023941,39.551941],[76.02314,39.552086],[76.022337,39.552226],[76.021533,39.552361],[76.020727,39.55249],[76.01992,39.552614],[76.019111,39.552732],[76.018301,39.552845],[76.01749,39.552953],[76.016677,39.553055],[76.015864,39.553151],[76.015049,39.553243],[76.014234,39.553328],[76.013417,39.553408],[76.0126,39.553483],[76.011781,39.553552],[76.010962,39.553615],[76.010143,39.553674],[76.009322,39.553726],[76.008502,39.553773],[76.00768,39.553815],[76.006858,39.553851],[76.006036,39.553881],[76.005214,39.553906],[76.004391,39.553925],[76.003568,39.553939],[76.002745,39.553947],[76.001922,39.55395]]]},"properties":{"name":"喀什市","time":"2018.01.08 00:00-2020.01.08 24:00"}},{"type":"Feature","geometry":{"type":"Polygon","coordinates":[[[79.932487,37.172909],[79.931746,37.172906],[79.931006,37.172898],[79.930266,37.172883],[79.929526,37.172863],[79.928786,37.172838],[79.928047,37.172806],[79.927308,37.172769],[79.92657,37.172726],[79.925832,37.172678],[79.925094,37.172623],[79.924358,37.172563],[79.923622,37.172498],[79.922887,37.172426],[79.922153,37.172349],[79.92142,37.172267],[79.920688,37.172178],[79.919957,37.172084],[79.919227,37.171985],[79.918499,37.17188],[79.917772,37.171769],[79.917046,37.171652],[79.916322,37.17153],[79.915599,37.171402],[79.914878,37.171269],[79.914158,37.17113],[79.91344,37.170986],[79.912724,37.170836],[79.91201,37.17068],[79.911298,37.170519],[79.910587,37.170353],[79.909879,37.170181],[79.909173,37.170004],[79.908469,37.169821],[79.907767,37.169633],[79.907068,37.169439],[79.906371,37.16924],[79.905677,37.169035],[79.904985,37.168825],[79.904295,37.16861],[79.903609,37.16839],[79.902924,37.168164],[79.902243,37.167933],[79.901565,37.167697],[79.900889,37.167455],[79.900217,37.167208],[79.899547,37.166957],[79.898881,37.166699],[79.898218,37.166437],[79.897558,37.16617],[79.896901,37.165897],[79.896248,37.16562],[79.895598,37.165337],[79.894951,37.16505],[79.894308,37.164757],[79.893669,37.16446],[79.893033,37.164157],[79.892401,37.16385],[79.891773,37.163538],[79.891148,37.163221],[79.890528,37.162899],[79.889911,37.162573],[79.889299,37.162241],[79.88869,37.161905],[79.888086,37.161564],[79.887486,37.161219],[79.88689,37.160869],[79.886298,37.160514],[79.88571,37.160155],[79.885127,37.159791],[79.884549,37.159423],[79.883975,37.15905],[79.883405,37.158673],[79.882841,37.158292],[79.88228,37.157906],[79.881725,37.157516],[79.881174,37.157122],[79.880628,37.156723],[79.880087,37.15632],[79.879551,37.155913],[79.87902,37.155502],[79.878494,37.155087],[79.877973,37.154667],[79.877457,37.154244],[79.876947,37.153817],[79.876441,37.153386],[79.875941,37.152951],[79.875446,37.152512],[79.874957,37.152069],[79.874473,37.151623],[79.873994,37.151172],[79.873521,37.150718],[79.873053,37.150261],[79.872591,37.1498],[79.872135,37.149335],[79.871684,37.148867],[79.871239,37.148395],[79.8708,37.14792],[79.870366,37.147442],[79.869939,37.14696],[79.869517,37.146475],[79.869101,37.145987],[79.868691,37.145495],[79.868288,37.145001],[79.86789,37.144503],[79.867498,37.144002],[79.867112,37.143498],[79.866733,37.142991],[79.86636,37.142482],[79.865993,37.141969],[79.865632,37.141454],[79.865277,37.140936],[79.864929,37.140415],[79.864587,37.139891],[79.864252,37.139365],[79.863923,37.138837],[79.8636,37.138305],[79.863284,37.137772],[79.862974,37.137236],[79.862671,37.136697],[79.862375,37.136156],[79.862085,37.135613],[79.861801,37.135068],[79.861525,37.13452],[79.861255,37.133971],[79.860991,37.133419],[79.860735,37.132865],[79.860485,37.13231],[79.860242,37.131752],[79.860006,37.131193],[79.859776,37.130632],[79.859553,37.130069],[79.859338,37.129504],[79.859129,37.128938],[79.858927,37.12837],[79.858732,37.1278],[79.858543,37.12723],[79.858362,37.126657],[79.858188,37.126084],[79.858021,37.125508],[79.857861,37.124932],[79.857707,37.124355],[79.857561,37.123776],[79.857422,37.123196],[79.85729,37.122615],[79.857165,37.122033],[79.857047,37.121451],[79.856936,37.120867],[79.856832,37.120282],[79.856736,37.119697],[79.856646,37.119111],[79.856564,37.118524],[79.856489,37.117937],[79.85642,37.117349],[79.856359,37.116761],[79.856306,37.116172],[79.856259,37.115583],[79.85622,37.114993],[79.856187,37.114403],[79.856162,37.113813],[79.856144,37.113223],[79.856133,37.112633],[79.85613,37.112042],[79.856133,37.111452],[79.856144,37.110862],[79.856162,37.110271],[79.856187,37.109681],[79.85622,37.109091],[79.856259,37.108502],[79.856306,37.107912],[79.856359,37.107324],[79.85642,37.106735],[79.856489,37.106147],[79.856564,37.10556],[79.856646,37.104973],[79.856736,37.104387],[79.856832,37.103801],[79.856936,37.103217],[79.857047,37.102633],[79.857165,37.10205],[79.85729,37.101468],[79.857422,37.100887],[79.857561,37.100307],[79.857707,37.099728],[79.857861,37.09915],[79.858021,37.098574],[79.858188,37.097999],[79.858362,37.097425],[79.858543,37.096852],[79.858732,37.096281],[79.858927,37.095711],[79.859129,37.095143],[79.859338,37.094576],[79.859553,37.094012],[79.859776,37.093448],[79.860006,37.092887],[79.860242,37.092327],[79.860485,37.091769],[79.860735,37.091213],[79.860991,37.090659],[79.861255,37.090107],[79.861525,37.089558],[79.861801,37.08901],[79.862085,37.088464],[79.862375,37.087921],[79.862671,37.08738],[79.862974,37.086841],[79.863284,37.086304],[79.8636,37.08577],[79.863923,37.085239],[79.864252,37.084709],[79.864587,37.084183],[79.864929,37.083659],[79.865277,37.083138],[79.865632,37.082619],[79.865993,37.082103],[79.86636,37.081591],[79.866733,37.08108],[79.867112,37.080573],[79.867498,37.080069],[79.86789,37.079568],[79.868288,37.07907],[79.868691,37.078575],[79.869101,37.078083],[79.869517,37.077594],[79.869939,37.077108],[79.870366,37.076626],[79.8708,37.076147],[79.871239,37.075672],[79.871684,37.0752],[79.872135,37.074731],[79.872591,37.074266],[79.873053,37.073804],[79.873521,37.073346],[79.873994,37.072892],[79.874473,37.072441],[79.874957,37.071994],[79.875446,37.071551],[79.875941,37.071112],[79.876441,37.070676],[79.876947,37.070245],[79.877457,37.069817],[79.877973,37.069393],[79.878494,37.068973],[79.87902,37.068558],[79.879551,37.068146],[79.880087,37.067739],[79.880628,37.067335],[79.881174,37.066936],[79.881725,37.066541],[79.88228,37.066151],[79.882841,37.065764],[79.883405,37.065383],[79.883975,37.065005],[79.884549,37.064632],[79.885127,37.064263],[79.88571,37.063899],[79.886298,37.063539],[79.88689,37.063184],[79.887486,37.062834],[79.888086,37.062488],[79.88869,37.062147],[79.889299,37.06181],[79.889911,37.061478],[79.890528,37.061151],[79.891148,37.060829],[79.891773,37.060512],[79.892401,37.060199],[79.893033,37.059891],[79.893669,37.059588],[79.894308,37.059291],[79.894951,37.058998],[79.895598,37.05871],[79.896248,37.058427],[79.896901,37.058149],[79.897558,37.057876],[79.898218,37.057608],[79.898881,37.057346],[79.899547,37.057088],[79.900217,37.056836],[79.900889,37.056589],[79.901565,37.056347],[79.902243,37.05611],[79.902924,37.055879],[79.903609,37.055653],[79.904295,37.055432],[79.904985,37.055217],[79.905677,37.055006],[79.906371,37.054802],[79.907068,37.054602],[79.907767,37.054408],[79.908469,37.05422],[79.909173,37.054037],[79.909879,37.053859],[79.910587,37.053687],[79.911298,37.05352],[79.91201,37.053359],[79.912724,37.053203],[79.91344,37.053053],[79.914158,37.052908],[79.914878,37.052769],[79.915599,37.052636],[79.916322,37.052508],[79.917046,37.052386],[79.917772,37.052269],[79.918499,37.052158],[79.919227,37.052052],[79.919957,37.051953],[79.920688,37.051858],[79.92142,37.05177],[79.922153,37.051687],[79.922887,37.05161],[79.923622,37.051539],[79.924358,37.051473],[79.925094,37.051413],[79.925832,37.051358],[79.92657,37.05131],[79.927308,37.051267],[79.928047,37.05123],[79.928786,37.051198],[79.929526,37.051172],[79.930266,37.051152],[79.931006,37.051138],[79.931746,37.051129],[79.932487,37.051127],[79.933227,37.051129],[79.933967,37.051138],[79.934707,37.051152],[79.935447,37.051172],[79.936187,37.051198],[79.936926,37.05123],[79.937665,37.051267],[79.938404,37.05131],[79.939142,37.051358],[79.939879,37.051413],[79.940615,37.051473],[79.941351,37.051539],[79.942086,37.05161],[79.94282,37.051687],[79.943553,37.05177],[79.944285,37.051858],[79.945016,37.051953],[79.945746,37.052052],[79.946474,37.052158],[79.947202,37.052269],[79.947927,37.052386],[79.948652,37.052508],[79.949374,37.052636],[79.950096,37.052769],[79.950815,37.052908],[79.951533,37.053053],[79.952249,37.053203],[79.952963,37.053359],[79.953676,37.05352],[79.954386,37.053687],[79.955094,37.053859],[79.9558,37.054037],[79.956504,37.05422],[79.957206,37.054408],[79.957905,37.054602],[79.958602,37.054802],[79.959297,37.055006],[79.959989,37.055217],[79.960678,37.055432],[79.961365,37.055653],[79.962049,37.055879],[79.96273,37.05611],[79.963408,37.056347],[79.964084,37.056589],[79.964756,37.056836],[79.965426,37.057088],[79.966092,37.057346],[79.966756,37.057608],[79.967416,37.057876],[79.968072,37.058149],[79.968726,37.058427],[79.969376,37.05871],[79.970022,37.058998],[79.970665,37.059291],[79.971304,37.059588],[79.97194,37.059891],[79.972572,37.060199],[79.9732,37.060512],[79.973825,37.060829],[79.974445,37.061151],[79.975062,37.061478],[79.975675,37.06181],[79.976283,37.062147],[79.976888,37.062488],[79.977488,37.062834],[79.978084,37.063184],[79.978675,37.063539],[79.979263,37.063899],[79.979846,37.064263],[79.980424,37.064632],[79.980998,37.065005],[79.981568,37.065383],[79.982133,37.065764],[79.982693,37.066151],[79.983248,37.066541],[79.983799,37.066936],[79.984345,37.067335],[79.984886,37.067739],[79.985422,37.068146],[79.985953,37.068558],[79.986479,37.068973],[79.987,37.069393],[79.987516,37.069817],[79.988027,37.070245],[79.988532,37.070676],[79.989032,37.071112],[79.989527,37.071551],[79.990017,37.071994],[79.990501,37.072441],[79.990979,37.072892],[79.991452,37.073346],[79.99192,37.073804],[79.992382,37.074266],[79.992838,37.074731],[79.993289,37.0752],[79.993734,37.075672],[79.994173,37.076147],[79.994607,37.076626],[79.995034,37.077108],[79.995456,37.077594],[79.995872,37.078083],[79.996282,37.078575],[79.996686,37.07907],[79.997083,37.079568],[79.997475,37.080069],[79.997861,37.080573],[79.99824,37.08108],[79.998614,37.081591],[79.998981,37.082103],[79.999341,37.082619],[79.999696,37.083138],[80.000044,37.083659],[80.000386,37.084183],[80.000722,37.084709],[80.001051,37.085239],[80.001373,37.08577],[80.001689,37.086304],[80.001999,37.086841],[80.002302,37.08738],[80.002599,37.087921],[80.002889,37.088464],[80.003172,37.08901],[80.003449,37.089558],[80.003719,37.090107],[80.003982,37.090659],[80.004239,37.091213],[80.004488,37.091769],[80.004731,37.092327],[80.004968,37.092887],[80.005197,37.093448],[80.00542,37.094012],[80.005636,37.094576],[80.005845,37.095143],[80.006047,37.095711],[80.006242,37.096281],[80.00643,37.096852],[80.006611,37.097425],[80.006785,37.097999],[80.006952,37.098574],[80.007113,37.09915],[80.007266,37.099728],[80.007412,37.100307],[80.007551,37.100887],[80.007683,37.101468],[80.007808,37.10205],[80.007926,37.102633],[80.008037,37.103217],[80.008141,37.103801],[80.008238,37.104387],[80.008327,37.104973],[80.00841,37.10556],[80.008485,37.106147],[80.008553,37.106735],[80.008614,37.107324],[80.008668,37.107912],[80.008714,37.108502],[80.008754,37.109091],[80.008786,37.109681],[80.008811,37.110271],[80.008829,37.110862],[80.00884,37.111452],[80.008843,37.112042],[80.00884,37.112633],[80.008829,37.113223],[80.008811,37.113813],[80.008786,37.114403],[80.008754,37.114993],[80.008714,37.115583],[80.008668,37.116172],[80.008614,37.116761],[80.008553,37.117349],[80.008485,37.117937],[80.00841,37.118524],[80.008327,37.119111],[80.008238,37.119697],[80.008141,37.120282],[80.008037,37.120867],[80.007926,37.121451],[80.007808,37.122033],[80.007683,37.122615],[80.007551,37.123196],[80.007412,37.123776],[80.007266,37.124355],[80.007113,37.124932],[80.006952,37.125508],[80.006785,37.126084],[80.006611,37.126657],[80.00643,37.12723],[80.006242,37.1278],[80.006047,37.12837],[80.005845,37.128938],[80.005636,37.129504],[80.00542,37.130069],[80.005197,37.130632],[80.004968,37.131193],[80.004731,37.131752],[80.004488,37.13231],[80.004239,37.132865],[80.003982,37.133419],[80.003719,37.133971],[80.003449,37.13452],[80.003172,37.135068],[80.002889,37.135613],[80.002599,37.136156],[80.002302,37.136697],[80.001999,37.137236],[80.001689,37.137772],[80.001373,37.138305],[80.001051,37.138837],[80.000722,37.139365],[80.000386,37.139891],[80.000044,37.140415],[79.999696,37.140936],[79.999341,37.141454],[79.998981,37.141969],[79.998614,37.142482],[79.99824,37.142991],[79.997861,37.143498],[79.997475,37.144002],[79.997083,37.144503],[79.996686,37.145001],[79.996282,37.145495],[79.995872,37.145987],[79.995456,37.146475],[79.995034,37.14696],[79.994607,37.147442],[79.994173,37.14792],[79.993734,37.148395],[79.993289,37.148867],[79.992838,37.149335],[79.992382,37.1498],[79.99192,37.150261],[79.991452,37.150718],[79.990979,37.151172],[79.990501,37.151623],[79.990017,37.152069],[79.989527,37.152512],[79.989032,37.152951],[79.988532,37.153386],[79.988027,37.153817],[79.987516,37.154244],[79.987,37.154667],[79.986479,37.155087],[79.985953,37.155502],[79.985422,37.155913],[79.984886,37.15632],[79.984345,37.156723],[79.983799,37.157122],[79.983248,37.157516],[79.982693,37.157906],[79.982133,37.158292],[79.981568,37.158673],[79.980998,37.15905],[79.980424,37.159423],[79.979846,37.159791],[79.979263,37.160155],[79.978675,37.160514],[79.978084,37.160869],[79.977488,37.161219],[79.976888,37.161564],[79.976283,37.161905],[79.975675,37.162241],[79.975062,37.162573],[79.974445,37.162899],[79.973825,37.163221],[79.9732,37.163538],[79.972572,37.16385],[79.97194,37.164157],[79.971304,37.16446],[79.970665,37.164757],[79.970022,37.16505],[79.969376,37.165337],[79.968726,37.16562],[79.968072,37.165897],[79.967416,37.16617],[79.966756,37.166437],[79.966092,37.166699],[79.965426,37.166957],[79.964756,37.167208],[79.964084,37.167455],[79.963408,37.167697],[79.96273,37.167933],[79.962049,37.168164],[79.961365,37.16839],[79.960678,37.16861],[79.959989,37.168825],[79.959297,37.169035],[79.958602,37.16924],[79.957905,37.169439],[79.957206,37.169633],[79.956504,37.169821],[79.9558,37.170004],[79.955094,37.170181],[79.954386,37.170353],[79.953676,37.170519],[79.952963,37.17068],[79.952249,37.170836],[79.951533,37.170986],[79.950815,37.17113],[79.950096,37.171269],[79.949374,37.171402],[79.948652,37.17153],[79.947927,37.171652],[79.947202,37.171769],[79.946474,37.17188],[79.945746,37.171985],[79.945016,37.172084],[79.944285,37.172178],[79.943553,37.172267],[79.94282,37.172349],[79.942086,37.172426],[79.941351,37.172498],[79.940615,37.172563],[79.939879,37.172623],[79.939142,37.172678],[79.938404,37.172726],[79.937665,37.172769],[79.936926,37.172806],[79.936187,37.172838],[79.935447,37.172863],[79.934707,37.172883],[79.933967,37.172898],[79.933227,37.172906],[79.932487,37.172909]]]},"properties":{"name":"和田县","time":"2018.01.08 00:00-2020.01.08 24:00"}},{"type":"Feature","geometry":{"type":"Polygon","coordinates":[[[93.520904,42.877617],[93.520232,42.877614],[93.51956,42.877606],[93.518889,42.877593],[93.518217,42.877574],[93.517546,42.877551],[93.516875,42.877522],[93.516205,42.877488],[93.515535,42.877448],[93.514866,42.877404],[93.514197,42.877354],[93.51353,42.877299],[93.512863,42.877238],[93.512197,42.877173],[93.511532,42.877102],[93.510868,42.877026],[93.510205,42.876945],[93.509544,42.876858],[93.508884,42.876767],[93.508225,42.87667],[93.507567,42.876568],[93.506911,42.876461],[93.506257,42.876349],[93.505605,42.876232],[93.504954,42.876109],[93.504305,42.875982],[93.503657,42.875849],[93.503012,42.875712],[93.502369,42.875569],[93.501728,42.875422],[93.501089,42.875269],[93.500453,42.875111],[93.499819,42.874949],[93.499187,42.874781],[93.498557,42.874609],[93.497931,42.874431],[93.497306,42.874249],[93.496685,42.874062],[93.496066,42.873869],[93.49545,42.873673],[93.494837,42.873471],[93.494227,42.873264],[93.49362,42.873053],[93.493017,42.872837],[93.492416,42.872616],[93.491819,42.872391],[93.491225,42.872161],[93.490634,42.871926],[93.490047,42.871687],[93.489463,42.871443],[93.488883,42.871194],[93.488306,42.870941],[93.487734,42.870684],[93.487165,42.870422],[93.4866,42.870155],[93.486038,42.869884],[93.485481,42.869609],[93.484928,42.869329],[93.484379,42.869046],[93.483834,42.868757],[93.483294,42.868465],[93.482757,42.868168],[93.482225,42.867867],[93.481698,42.867562],[93.481175,42.867253],[93.480656,42.86694],[93.480142,42.866623],[93.479633,42.866302],[93.479128,42.865976],[93.478628,42.865647],[93.478133,42.865314],[93.477643,42.864977],[93.477158,42.864637],[93.476678,42.864292],[93.476203,42.863944],[93.475733,42.863592],[93.475268,42.863236],[93.474808,42.862877],[93.474354,42.862514],[93.473905,42.862148],[93.473461,42.861778],[93.473023,42.861405],[93.47259,42.861028],[93.472163,42.860648],[93.471741,42.860264],[93.471325,42.859878],[93.470914,42.859488],[93.470509,42.859094],[93.47011,42.858698],[93.469717,42.858299],[93.46933,42.857896],[93.468948,42.857491],[93.468573,42.857082],[93.468203,42.856671],[93.46784,42.856257],[93.467482,42.85584],[93.467131,42.85542],[93.466786,42.854997],[93.466447,42.854572],[93.466114,42.854144],[93.465787,42.853714],[93.465467,42.853281],[93.465153,42.852845],[93.464845,42.852407],[93.464544,42.851967],[93.464249,42.851524],[93.463961,42.851079],[93.463679,42.850632],[93.463404,42.850183],[93.463135,42.849731],[93.462873,42.849277],[93.462618,42.848822],[93.462369,42.848364],[93.462127,42.847905],[93.461891,42.847443],[93.461662,42.84698],[93.461441,42.846515],[93.461225,42.846048],[93.461017,42.84558],[93.460816,42.84511],[93.460621,42.844638],[93.460433,42.844165],[93.460252,42.843691],[93.460078,42.843215],[93.459912,42.842738],[93.459752,42.842259],[93.459599,42.84178],[93.459452,42.841299],[93.459313,42.840817],[93.459182,42.840333],[93.459057,42.839849],[93.458939,42.839364],[93.458828,42.838878],[93.458724,42.838392],[93.458628,42.837904],[93.458538,42.837416],[93.458456,42.836927],[93.458381,42.836437],[93.458312,42.835947],[93.458252,42.835456],[93.458198,42.834965],[93.458151,42.834473],[93.458112,42.833981],[93.458079,42.833489],[93.458054,42.832997],[93.458036,42.832504],[93.458026,42.832012],[93.458022,42.831519],[93.458026,42.831026],[93.458036,42.830533],[93.458054,42.830041],[93.458079,42.829548],[93.458112,42.829056],[93.458151,42.828564],[93.458198,42.828073],[93.458252,42.827581],[93.458312,42.827091],[93.458381,42.8266],[93.458456,42.826111],[93.458538,42.825621],[93.458628,42.825133],[93.458724,42.824645],[93.458828,42.824158],[93.458939,42.823672],[93.459057,42.823187],[93.459182,42.822703],[93.459313,42.82222],[93.459452,42.821737],[93.459599,42.821256],[93.459752,42.820777],[93.459912,42.820298],[93.460078,42.81982],[93.460252,42.819344],[93.460433,42.81887],[93.460621,42.818396],[93.460816,42.817925],[93.461017,42.817455],[93.461225,42.816986],[93.461441,42.816519],[93.461662,42.816054],[93.461891,42.81559],[93.462127,42.815129],[93.462369,42.814669],[93.462618,42.814211],[93.462873,42.813755],[93.463135,42.813301],[93.463404,42.812849],[93.463679,42.8124],[93.463961,42.811952],[93.464249,42.811507],[93.464544,42.811064],[93.464845,42.810623],[93.465153,42.810185],[93.465467,42.809749],[93.465787,42.809316],[93.466114,42.808885],[93.466447,42.808457],[93.466786,42.808031],[93.467131,42.807609],[93.467482,42.807188],[93.46784,42.806771],[93.468203,42.806356],[93.468573,42.805945],[93.468948,42.805536],[93.46933,42.80513],[93.469717,42.804727],[93.47011,42.804327],[93.470509,42.803931],[93.470914,42.803537],[93.471325,42.803147],[93.471741,42.80276],[93.472163,42.802376],[93.47259,42.801996],[93.473023,42.801619],[93.473461,42.801245],[93.473905,42.800875],[93.474354,42.800508],[93.474808,42.800145],[93.475268,42.799785],[93.475733,42.799429],[93.476203,42.799077],[93.476678,42.798728],[93.477158,42.798383],[93.477643,42.798042],[93.478133,42.797705],[93.478628,42.797372],[93.479128,42.797042],[93.479633,42.796716],[93.480142,42.796395],[93.480656,42.796077],[93.481175,42.795764],[93.481698,42.795454],[93.482225,42.795149],[93.482757,42.794848],[93.483294,42.794551],[93.483834,42.794258],[93.484379,42.793969],[93.484928,42.793685],[93.485481,42.793405],[93.486038,42.79313],[93.4866,42.792858],[93.487165,42.792592],[93.487734,42.792329],[93.488306,42.792071],[93.488883,42.791818],[93.489463,42.791569],[93.490047,42.791325],[93.490634,42.791085],[93.491225,42.79085],[93.491819,42.79062],[93.492416,42.790394],[93.493017,42.790173],[93.49362,42.789957],[93.494227,42.789745],[93.494837,42.789538],[93.49545,42.789336],[93.496066,42.789139],[93.496685,42.788947],[93.497306,42.788759],[93.497931,42.788577],[93.498557,42.788399],[93.499187,42.788226],[93.499819,42.788058],[93.500453,42.787896],[93.501089,42.787738],[93.501728,42.787585],[93.502369,42.787437],[93.503012,42.787294],[93.503657,42.787156],[93.504305,42.787024],[93.504954,42.786896],[93.505605,42.786773],[93.506257,42.786656],[93.506911,42.786544],[93.507567,42.786437],[93.508225,42.786335],[93.508884,42.786238],[93.509544,42.786146],[93.510205,42.78606],[93.510868,42.785978],[93.511532,42.785902],[93.512197,42.785831],[93.512863,42.785766],[93.51353,42.785705],[93.514197,42.78565],[93.514866,42.7856],[93.515535,42.785555],[93.516205,42.785516],[93.516875,42.785481],[93.517546,42.785453],[93.518217,42.785429],[93.518889,42.78541],[93.51956,42.785397],[93.520232,42.785389],[93.520904,42.785387],[93.521576,42.785389],[93.522248,42.785397],[93.522919,42.78541],[93.523591,42.785429],[93.524262,42.785453],[93.524933,42.785481],[93.525603,42.785516],[93.526273,42.785555],[93.526942,42.7856],[93.527611,42.78565],[93.528278,42.785705],[93.528945,42.785766],[93.529611,42.785831],[93.530276,42.785902],[93.53094,42.785978],[93.531603,42.78606],[93.532264,42.786146],[93.532924,42.786238],[93.533583,42.786335],[93.534241,42.786437],[93.534897,42.786544],[93.535551,42.786656],[93.536203,42.786773],[93.536854,42.786896],[93.537503,42.787024],[93.538151,42.787156],[93.538796,42.787294],[93.539439,42.787437],[93.54008,42.787585],[93.540719,42.787738],[93.541355,42.787896],[93.541989,42.788058],[93.542621,42.788226],[93.543251,42.788399],[93.543877,42.788577],[93.544502,42.788759],[93.545123,42.788947],[93.545742,42.789139],[93.546358,42.789336],[93.546971,42.789538],[93.547581,42.789745],[93.548188,42.789957],[93.548791,42.790173],[93.549392,42.790394],[93.549989,42.79062],[93.550583,42.79085],[93.551174,42.791085],[93.551761,42.791325],[93.552345,42.791569],[93.552925,42.791818],[93.553502,42.792071],[93.554074,42.792329],[93.554643,42.792592],[93.555208,42.792858],[93.55577,42.79313],[93.556327,42.793405],[93.55688,42.793685],[93.557429,42.793969],[93.557974,42.794258],[93.558514,42.794551],[93.559051,42.794848],[93.559583,42.795149],[93.56011,42.795454],[93.560633,42.795764],[93.561152,42.796077],[93.561666,42.796395],[93.562175,42.796716],[93.56268,42.797042],[93.56318,42.797372],[93.563675,42.797705],[93.564165,42.798042],[93.56465,42.798383],[93.56513,42.798728],[93.565605,42.799077],[93.566075,42.799429],[93.56654,42.799785],[93.567,42.800145],[93.567454,42.800508],[93.567903,42.800875],[93.568347,42.801245],[93.568785,42.801619],[93.569218,42.801996],[93.569645,42.802376],[93.570067,42.80276],[93.570483,42.803147],[93.570894,42.803537],[93.571299,42.803931],[93.571698,42.804327],[93.572091,42.804727],[93.572478,42.80513],[93.57286,42.805536],[93.573235,42.805945],[93.573605,42.806356],[93.573968,42.806771],[93.574326,42.807188],[93.574677,42.807609],[93.575022,42.808031],[93.575361,42.808457],[93.575694,42.808885],[93.576021,42.809316],[93.576341,42.809749],[93.576655,42.810185],[93.576963,42.810623],[93.577264,42.811064],[93.577559,42.811507],[93.577847,42.811952],[93.578129,42.8124],[93.578404,42.812849],[93.578673,42.813301],[93.578935,42.813755],[93.57919,42.814211],[93.579439,42.814669],[93.579681,42.815129],[93.579917,42.81559],[93.580146,42.816054],[93.580367,42.816519],[93.580583,42.816986],[93.580791,42.817455],[93.580992,42.817925],[93.581187,42.818396],[93.581375,42.81887],[93.581556,42.819344],[93.581729,42.81982],[93.581896,42.820298],[93.582056,42.820777],[93.582209,42.821256],[93.582355,42.821737],[93.582494,42.82222],[93.582626,42.822703],[93.582751,42.823187],[93.582869,42.823672],[93.58298,42.824158],[93.583084,42.824645],[93.58318,42.825133],[93.58327,42.825621],[93.583352,42.826111],[93.583427,42.8266],[93.583495,42.827091],[93.583556,42.827581],[93.58361,42.828073],[93.583657,42.828564],[93.583696,42.829056],[93.583729,42.829548],[93.583754,42.830041],[93.583772,42.830533],[93.583782,42.831026],[93.583786,42.831519],[93.583782,42.832012],[93.583772,42.832504],[93.583754,42.832997],[93.583729,42.833489],[93.583696,42.833981],[93.583657,42.834473],[93.58361,42.834965],[93.583556,42.835456],[93.583495,42.835947],[93.583427,42.836437],[93.583352,42.836927],[93.58327,42.837416],[93.58318,42.837904],[93.583084,42.838392],[93.58298,42.838878],[93.582869,42.839364],[93.582751,42.839849],[93.582626,42.840333],[93.582494,42.840817],[93.582355,42.841299],[93.582209,42.84178],[93.582056,42.842259],[93.581896,42.842738],[93.581729,42.843215],[93.581556,42.843691],[93.581375,42.844165],[93.581187,42.844638],[93.580992,42.84511],[93.580791,42.84558],[93.580583,42.846048],[93.580367,42.846515],[93.580146,42.84698],[93.579917,42.847443],[93.579681,42.847905],[93.579439,42.848364],[93.57919,42.848822],[93.578935,42.849277],[93.578673,42.849731],[93.578404,42.850183],[93.578129,42.850632],[93.577847,42.851079],[93.577559,42.851524],[93.577264,42.851967],[93.576963,42.852407],[93.576655,42.852845],[93.576341,42.853281],[93.576021,42.853714],[93.575694,42.854144],[93.575361,42.854572],[93.575022,42.854997],[93.574677,42.85542],[93.574326,42.85584],[93.573968,42.856257],[93.573605,42.856671],[93.573235,42.857082],[93.57286,42.857491],[93.572478,42.857896],[93.572091,42.858299],[93.571698,42.858698],[93.571299,42.859094],[93.570894,42.859488],[93.570483,42.859878],[93.570067,42.860264],[93.569645,42.860648],[93.569218,42.861028],[93.568785,42.861405],[93.568347,42.861778],[93.567903,42.862148],[93.567454,42.862514],[93.567,42.862877],[93.56654,42.863236],[93.566075,42.863592],[93.565605,42.863944],[93.56513,42.864292],[93.56465,42.864637],[93.564165,42.864977],[93.563675,42.865314],[93.56318,42.865647],[93.56268,42.865976],[93.562175,42.866302],[93.561666,42.866623],[93.561152,42.86694],[93.560633,42.867253],[93.56011,42.867562],[93.559583,42.867867],[93.559051,42.868168],[93.558514,42.868465],[93.557974,42.868757],[93.557429,42.869046],[93.55688,42.869329],[93.556327,42.869609],[93.55577,42.869884],[93.555208,42.870155],[93.554643,42.870422],[93.554074,42.870684],[93.553502,42.870941],[93.552925,42.871194],[93.552345,42.871443],[93.551761,42.871687],[93.551174,42.871926],[93.550583,42.872161],[93.549989,42.872391],[93.549392,42.872616],[93.548791,42.872837],[93.548188,42.873053],[93.547581,42.873264],[93.546971,42.873471],[93.546358,42.873673],[93.545742,42.873869],[93.545123,42.874062],[93.544502,42.874249],[93.543877,42.874431],[93.543251,42.874609],[93.542621,42.874781],[93.541989,42.874949],[93.541355,42.875111],[93.540719,42.875269],[93.54008,42.875422],[93.539439,42.875569],[93.538796,42.875712],[93.538151,42.875849],[93.537503,42.875982],[93.536854,42.876109],[93.536203,42.876232],[93.535551,42.876349],[93.534897,42.876461],[93.534241,42.876568],[93.533583,42.87667],[93.532924,42.876767],[93.532264,42.876858],[93.531603,42.876945],[93.53094,42.877026],[93.530276,42.877102],[93.529611,42.877173],[93.528945,42.877238],[93.528278,42.877299],[93.527611,42.877354],[93.526942,42.877404],[93.526273,42.877448],[93.525603,42.877488],[93.524933,42.877522],[93.524262,42.877551],[93.523591,42.877574],[93.522919,42.877593],[93.522248,42.877606],[93.521576,42.877614],[93.520904,42.877617]]]},"properties":{"name":"哈密市","time":"2018.01.08 00:00-2020.01.08 24:00"}},{"type":"Feature","geometry":{"type":"Polygon","coordinates":[[[116.441146,39.571969],[116.440343,39.571966],[116.43954,39.571958],[116.438738,39.571944],[116.437935,39.571924],[116.437133,39.571899],[116.436331,39.571869],[116.43553,39.571833],[116.434728,39.571792],[116.433928,39.571745],[116.433128,39.571692],[116.432329,39.571634],[116.43153,39.571571],[116.430732,39.571502],[116.429935,39.571427],[116.429139,39.571347],[116.428344,39.571262],[116.427549,39.571171],[116.426756,39.571074],[116.425964,39.570973],[116.425174,39.570865],[116.424384,39.570753],[116.423596,39.570634],[116.422809,39.570511],[116.422024,39.570382],[116.421241,39.570247],[116.420458,39.570107],[116.419678,39.569962],[116.418899,39.569812],[116.418122,39.569656],[116.417347,39.569494],[116.416574,39.569328],[116.415803,39.569156],[116.415033,39.568978],[116.414266,39.568796],[116.413501,39.568608],[116.412738,39.568415],[116.411978,39.568217],[116.41122,39.568013],[116.410464,39.567804],[116.40971,39.56759],[116.40896,39.567371],[116.408211,39.567147],[116.407466,39.566917],[116.406723,39.566683],[116.405982,39.566443],[116.405245,39.566198],[116.40451,39.565948],[116.403779,39.565693],[116.40305,39.565433],[116.402325,39.565168],[116.401602,39.564898],[116.400883,39.564623],[116.400167,39.564344],[116.399454,39.564059],[116.398744,39.563769],[116.398038,39.563474],[116.397336,39.563175],[116.396636,39.562871],[116.395941,39.562562],[116.395249,39.562248],[116.394561,39.561929],[116.393876,39.561606],[116.393195,39.561278],[116.392518,39.560945],[116.391845,39.560608],[116.391176,39.560266],[116.390511,39.559919],[116.389849,39.559568],[116.389192,39.559212],[116.388539,39.558852],[116.387891,39.558487],[116.387246,39.558118],[116.386606,39.557744],[116.38597,39.557366],[116.385339,39.556984],[116.384712,39.556597],[116.38409,39.556206],[116.383472,39.555811],[116.382859,39.555411],[116.38225,39.555007],[116.381646,39.5546],[116.381047,39.554187],[116.380453,39.553771],[116.379863,39.553351],[116.379279,39.552927],[116.378699,39.552498],[116.378124,39.552066],[116.377555,39.55163],[116.37699,39.55119],[116.376431,39.550745],[116.375876,39.550298],[116.375327,39.549846],[116.374784,39.54939],[116.374245,39.548931],[116.373712,39.548468],[116.373184,39.548002],[116.372662,39.547532],[116.372145,39.547058],[116.371634,39.54658],[116.371128,39.5461],[116.370628,39.545615],[116.370133,39.545128],[116.369644,39.544636],[116.369161,39.544142],[116.368684,39.543644],[116.368212,39.543143],[116.367746,39.542639],[116.367286,39.542131],[116.366832,39.541621],[116.366384,39.541107],[116.365942,39.54059],[116.365506,39.54007],[116.365076,39.539548],[116.364652,39.539022],[116.364234,39.538493],[116.363822,39.537961],[116.363417,39.537427],[116.363017,39.53689],[116.362624,39.53635],[116.362237,39.535807],[116.361857,39.535262],[116.361483,39.534714],[116.361115,39.534164],[116.360753,39.533611],[116.360398,39.533056],[116.36005,39.532498],[116.359707,39.531938],[116.359372,39.531375],[116.359043,39.53081],[116.35872,39.530243],[116.358404,39.529674],[116.358095,39.529102],[116.357792,39.528529],[116.357496,39.527953],[116.357207,39.527376],[116.356924,39.526796],[116.356648,39.526214],[116.356379,39.525631],[116.356117,39.525046],[116.355861,39.524458],[116.355612,39.52387],[116.355371,39.523279],[116.355135,39.522687],[116.354907,39.522093],[116.354686,39.521498],[116.354471,39.520901],[116.354264,39.520303],[116.354063,39.519703],[116.35387,39.519102],[116.353683,39.5185],[116.353503,39.517896],[116.353331,39.517291],[116.353165,39.516685],[116.353006,39.516078],[116.352855,39.51547],[116.35271,39.51486],[116.352573,39.51425],[116.352443,39.513639],[116.352319,39.513027],[116.352203,39.512414],[116.352094,39.5118],[116.351992,39.511186],[116.351897,39.510571],[116.351809,39.509955],[116.351729,39.509339],[116.351655,39.508722],[116.351589,39.508105],[116.35153,39.507487],[116.351478,39.506869],[116.351433,39.50625],[116.351395,39.505631],[116.351365,39.505012],[116.351342,39.504393],[116.351325,39.503774],[116.351317,39.503154],[116.351315,39.502535],[116.35132,39.501915],[116.351333,39.501296],[116.351352,39.500677],[116.351379,39.500057],[116.351413,39.499438],[116.351455,39.49882],[116.351503,39.498201],[116.351559,39.497583],[116.351621,39.496966],[116.351691,39.496348],[116.351768,39.495732],[116.351852,39.495115],[116.351944,39.4945],[116.352042,39.493885],[116.352148,39.493271],[116.35226,39.492657],[116.35238,39.492045],[116.352507,39.491433],[116.352641,39.490822],[116.352782,39.490212],[116.35293,39.489603],[116.353085,39.488995],[116.353247,39.488388],[116.353416,39.487782],[116.353592,39.487178],[116.353776,39.486575],[116.353966,39.485973],[116.354163,39.485372],[116.354367,39.484773],[116.354578,39.484175],[116.354796,39.483578],[116.35502,39.482983],[116.355252,39.48239],[116.355491,39.481798],[116.355736,39.481208],[116.355988,39.48062],[116.356247,39.480033],[116.356513,39.479449],[116.356786,39.478866],[116.357065,39.478285],[116.357351,39.477706],[116.357643,39.477129],[116.357943,39.476554],[116.358249,39.475981],[116.358561,39.47541],[116.358881,39.474841],[116.359207,39.474275],[116.359539,39.473711],[116.359878,39.473149],[116.360223,39.472589],[116.360575,39.472032],[116.360933,39.471477],[116.361298,39.470925],[116.361669,39.470376],[116.362046,39.469829],[116.36243,39.469284],[116.36282,39.468742],[116.363216,39.468203],[116.363619,39.467667],[116.364027,39.467133],[116.364442,39.466603],[116.364863,39.466075],[116.36529,39.46555],[116.365723,39.465028],[116.366162,39.464509],[116.366608,39.463993],[116.367059,39.463481],[116.367516,39.462971],[116.367978,39.462465],[116.368447,39.461961],[116.368922,39.461461],[116.369402,39.460965],[116.369888,39.460471],[116.37038,39.459981],[116.370877,39.459495],[116.37138,39.459011],[116.371889,39.458532],[116.372403,39.458056],[116.372922,39.457583],[116.373447,39.457114],[116.373978,39.456649],[116.374514,39.456187],[116.375055,39.455729],[116.375601,39.455275],[116.376153,39.454824],[116.37671,39.454378],[116.377272,39.453935],[116.377839,39.453496],[116.378411,39.453061],[116.378988,39.45263],[116.37957,39.452203],[116.380157,39.45178],[116.380749,39.451362],[116.381346,39.450947],[116.381947,39.450536],[116.382554,39.45013],[116.383165,39.449727],[116.38378,39.449329],[116.3844,39.448936],[116.385025,39.448546],[116.385654,39.448161],[116.386288,39.44778],[116.386926,39.447404],[116.387568,39.447032],[116.388215,39.446664],[116.388865,39.446301],[116.38952,39.445943],[116.390179,39.445588],[116.390843,39.445239],[116.39151,39.444894],[116.392181,39.444554],[116.392856,39.444218],[116.393535,39.443887],[116.394218,39.443561],[116.394904,39.443239],[116.395594,39.442923],[116.396288,39.442611],[116.396986,39.442303],[116.397687,39.442001],[116.398391,39.441703],[116.399099,39.441411],[116.39981,39.441123],[116.400524,39.44084],[116.401242,39.440562],[116.401963,39.440289],[116.402687,39.440021],[116.403414,39.439758],[116.404144,39.4395],[116.404877,39.439248],[116.405613,39.439],[116.406352,39.438757],[116.407094,39.438519],[116.407838,39.438287],[116.408585,39.43806],[116.409335,39.437837],[116.410087,39.43762],[116.410841,39.437409],[116.411598,39.437202],[116.412358,39.437001],[116.413119,39.436805],[116.413883,39.436614],[116.414649,39.436428],[116.415418,39.436248],[116.416188,39.436073],[116.41696,39.435904],[116.417734,39.435739],[116.41851,39.43558],[116.419288,39.435427],[116.420068,39.435279],[116.420849,39.435136],[116.421632,39.434998],[116.422417,39.434866],[116.423203,39.43474],[116.42399,39.434619],[116.424779,39.434503],[116.425569,39.434393],[116.42636,39.434288],[116.427153,39.434189],[116.427946,39.434095],[116.428741,39.434006],[116.429537,39.433923],[116.430333,39.433846],[116.431131,39.433774],[116.431929,39.433708],[116.432728,39.433647],[116.433528,39.433592],[116.434328,39.433542],[116.435129,39.433497],[116.43593,39.433459],[116.436732,39.433425],[116.437534,39.433398],[116.438336,39.433376],[116.439139,39.433359],[116.439942,39.433348],[116.440745,39.433342],[116.441547,39.433342],[116.44235,39.433348],[116.443153,39.433359],[116.443956,39.433376],[116.444758,39.433398],[116.44556,39.433425],[116.446362,39.433459],[116.447163,39.433497],[116.447964,39.433542],[116.448764,39.433592],[116.449564,39.433647],[116.450363,39.433708],[116.451161,39.433774],[116.451959,39.433846],[116.452755,39.433923],[116.453551,39.434006],[116.454346,39.434095],[116.455139,39.434189],[116.455932,39.434288],[116.456723,39.434393],[116.457513,39.434503],[116.458302,39.434619],[116.459089,39.43474],[116.459875,39.434866],[116.46066,39.434998],[116.461443,39.435136],[116.462224,39.435279],[116.463004,39.435427],[116.463782,39.43558],[116.464558,39.435739],[116.465332,39.435904],[116.466104,39.436073],[116.466874,39.436248],[116.467643,39.436428],[116.468409,39.436614],[116.469173,39.436805],[116.469934,39.437001],[116.470694,39.437202],[116.471451,39.437409],[116.472205,39.43762],[116.472957,39.437837],[116.473707,39.43806],[116.474454,39.438287],[116.475198,39.438519],[116.47594,39.438757],[116.476679,39.439],[116.477415,39.439248],[116.478148,39.4395],[116.478878,39.439758],[116.479605,39.440021],[116.480329,39.440289],[116.48105,39.440562],[116.481768,39.44084],[116.482482,39.441123],[116.483193,39.441411],[116.483901,39.441703],[116.484606,39.442001],[116.485306,39.442303],[116.486004,39.442611],[116.486698,39.442923],[116.487388,39.443239],[116.488074,39.443561],[116.488757,39.443887],[116.489436,39.444218],[116.490111,39.444554],[116.490782,39.444894],[116.491449,39.445239],[116.492113,39.445588],[116.492772,39.445943],[116.493427,39.446301],[116.494078,39.446664],[116.494724,39.447032],[116.495366,39.447404],[116.496004,39.44778],[116.496638,39.448161],[116.497267,39.448546],[116.497892,39.448936],[116.498512,39.449329],[116.499127,39.449727],[116.499738,39.45013],[116.500345,39.450536],[116.500946,39.450947],[116.501543,39.451362],[116.502135,39.45178],[116.502722,39.452203],[116.503304,39.45263],[116.503881,39.453061],[116.504453,39.453496],[116.50502,39.453935],[116.505582,39.454378],[116.506139,39.454824],[116.506691,39.455275],[116.507237,39.455729],[116.507778,39.456187],[116.508314,39.456649],[116.508845,39.457114],[116.50937,39.457583],[116.509889,39.458056],[116.510403,39.458532],[116.510912,39.459011],[116.511415,39.459495],[116.511912,39.459981],[116.512404,39.460471],[116.51289,39.460965],[116.51337,39.461461],[116.513845,39.461961],[116.514314,39.462465],[116.514776,39.462971],[116.515233,39.463481],[116.515685,39.463993],[116.51613,39.464509],[116.516569,39.465028],[116.517002,39.46555],[116.517429,39.466075],[116.51785,39.466603],[116.518265,39.467133],[116.518673,39.467667],[116.519076,39.468203],[116.519472,39.468742],[116.519862,39.469284],[116.520246,39.469829],[116.520623,39.470376],[116.520994,39.470925],[116.521359,39.471477],[116.521717,39.472032],[116.522069,39.472589],[116.522414,39.473149],[116.522753,39.473711],[116.523086,39.474275],[116.523411,39.474841],[116.523731,39.47541],[116.524043,39.475981],[116.524349,39.476554],[116.524649,39.477129],[116.524941,39.477706],[116.525227,39.478285],[116.525507,39.478866],[116.525779,39.479449],[116.526045,39.480033],[116.526304,39.48062],[116.526556,39.481208],[116.526801,39.481798],[116.52704,39.48239],[116.527272,39.482983],[116.527496,39.483578],[116.527714,39.484175],[116.527925,39.484773],[116.528129,39.485372],[116.528326,39.485973],[116.528517,39.486575],[116.5287,39.487178],[116.528876,39.487782],[116.529045,39.488388],[116.529207,39.488995],[116.529362,39.489603],[116.52951,39.490212],[116.529651,39.490822],[116.529785,39.491433],[116.529912,39.492045],[116.530032,39.492657],[116.530144,39.493271],[116.53025,39.493885],[116.530348,39.4945],[116.53044,39.495115],[116.530524,39.495732],[116.530601,39.496348],[116.530671,39.496966],[116.530733,39.497583],[116.530789,39.498201],[116.530837,39.49882],[116.530879,39.499438],[116.530913,39.500057],[116.53094,39.500677],[116.530959,39.501296],[116.530972,39.501915],[116.530977,39.502535],[116.530976,39.503154],[116.530967,39.503774],[116.53095,39.504393],[116.530927,39.505012],[116.530897,39.505631],[116.530859,39.50625],[116.530814,39.506869],[116.530762,39.507487],[116.530703,39.508105],[116.530637,39.508722],[116.530563,39.509339],[116.530483,39.509955],[116.530395,39.510571],[116.5303,39.511186],[116.530198,39.5118],[116.530089,39.512414],[116.529973,39.513027],[116.529849,39.513639],[116.529719,39.51425],[116.529582,39.51486],[116.529437,39.51547],[116.529286,39.516078],[116.529127,39.516685],[116.528961,39.517291],[116.528789,39.517896],[116.528609,39.5185],[116.528422,39.519102],[116.528229,39.519703],[116.528028,39.520303],[116.527821,39.520901],[116.527606,39.521498],[116.527385,39.522093],[116.527157,39.522687],[116.526922,39.523279],[116.52668,39.52387],[116.526431,39.524458],[116.526175,39.525046],[116.525913,39.525631],[116.525644,39.526214],[116.525368,39.526796],[116.525085,39.527376],[116.524796,39.527953],[116.5245,39.528529],[116.524197,39.529102],[116.523888,39.529674],[116.523572,39.530243],[116.523249,39.53081],[116.52292,39.531375],[116.522585,39.531938],[116.522242,39.532498],[116.521894,39.533056],[116.521539,39.533611],[116.521177,39.534164],[116.52081,39.534714],[116.520435,39.535262],[116.520055,39.535807],[116.519668,39.53635],[116.519275,39.53689],[116.518875,39.537427],[116.51847,39.537961],[116.518058,39.538493],[116.51764,39.539022],[116.517216,39.539548],[116.516786,39.54007],[116.51635,39.54059],[116.515908,39.541107],[116.51546,39.541621],[116.515006,39.542131],[116.514546,39.542639],[116.51408,39.543143],[116.513608,39.543644],[116.513131,39.544142],[116.512648,39.544636],[116.512159,39.545128],[116.511664,39.545615],[116.511164,39.5461],[116.510658,39.54658],[116.510147,39.547058],[116.50963,39.547532],[116.509108,39.548002],[116.50858,39.548468],[116.508047,39.548931],[116.507508,39.54939],[116.506965,39.549846],[116.506416,39.550298],[116.505861,39.550745],[116.505302,39.55119],[116.504737,39.55163],[116.504168,39.552066],[116.503593,39.552498],[116.503014,39.552927],[116.502429,39.553351],[116.501839,39.553771],[116.501245,39.554187],[116.500646,39.5546],[116.500042,39.555007],[116.499434,39.555411],[116.49882,39.555811],[116.498202,39.556206],[116.49758,39.556597],[116.496953,39.556984],[116.496322,39.557366],[116.495686,39.557744],[116.495046,39.558118],[116.494401,39.558487],[116.493753,39.558852],[116.4931,39.559212],[116.492443,39.559568],[116.491782,39.559919],[116.491116,39.560266],[116.490447,39.560608],[116.489774,39.560945],[116.489097,39.561278],[116.488416,39.561606],[116.487732,39.561929],[116.487043,39.562248],[116.486351,39.562562],[116.485656,39.562871],[116.484956,39.563175],[116.484254,39.563474],[116.483548,39.563769],[116.482838,39.564059],[116.482125,39.564344],[116.481409,39.564623],[116.48069,39.564898],[116.479967,39.565168],[116.479242,39.565433],[116.478513,39.565693],[116.477782,39.565948],[116.477047,39.566198],[116.47631,39.566443],[116.475569,39.566683],[116.474826,39.566917],[116.474081,39.567147],[116.473333,39.567371],[116.472582,39.56759],[116.471828,39.567804],[116.471072,39.568013],[116.470314,39.568217],[116.469554,39.568415],[116.468791,39.568608],[116.468026,39.568796],[116.467259,39.568978],[116.46649,39.569156],[116.465718,39.569328],[116.464945,39.569494],[116.46417,39.569656],[116.463393,39.569812],[116.462614,39.569962],[116.461834,39.570107],[116.461052,39.570247],[116.460268,39.570382],[116.459483,39.570511],[116.458696,39.570634],[116.457908,39.570753],[116.457118,39.570865],[116.456328,39.570973],[116.455536,39.571074],[116.454743,39.571171],[116.453948,39.571262],[116.453153,39.571347],[116.452357,39.571427],[116.45156,39.571502],[116.450762,39.571571],[116.449964,39.571634],[116.449164,39.571692],[116.448364,39.571745],[116.447564,39.571792],[116.446763,39.571833],[116.445961,39.571869],[116.445159,39.571899],[116.444357,39.571924],[116.443554,39.571944],[116.442752,39.571958],[116.441949,39.571966],[116.441146,39.571969]]]},"properties":{"name":"大兴机场","time":"2019.01.30 08:00-2019.03.16 00:00"}},{"type":"Feature","geometry":{"type":"Polygon","coordinates":[[[87.294043,44.070567],[87.293282,44.070565],[87.29252,44.070557],[87.291759,44.070544],[87.290998,44.070526],[87.290237,44.070503],[87.289476,44.070475],[87.288716,44.070441],[87.287956,44.070403],[87.287197,44.070359],[87.286439,44.07031],[87.285681,44.070256],[87.284924,44.070197],[87.284167,44.070132],[87.283412,44.070063],[87.282657,44.069988],[87.281904,44.069909],[87.281152,44.069824],[87.2804,44.069734],[87.27965,44.069639],[87.278901,44.069539],[87.278154,44.069434],[87.277408,44.069324],[87.276663,44.069209],[87.27592,44.069089],[87.275179,44.068964],[87.274439,44.068834],[87.273701,44.068699],[87.272965,44.068558],[87.272231,44.068413],[87.271498,44.068263],[87.270768,44.068108],[87.27004,44.067948],[87.269314,44.067783],[87.26859,44.067613],[87.267868,44.067439],[87.267148,44.067259],[87.266431,44.067075],[87.265717,44.066885],[87.265005,44.066691],[87.264295,44.066492],[87.263589,44.066288],[87.262884,44.06608],[87.262183,44.065867],[87.261484,44.065649],[87.260789,44.065426],[87.260096,44.065198],[87.259406,44.064966],[87.25872,44.064729],[87.258036,44.064488],[87.257356,44.064242],[87.256679,44.063991],[87.256005,44.063736],[87.255335,44.063476],[87.254668,44.063212],[87.254005,44.062943],[87.253345,44.06267],[87.252689,44.062392],[87.252036,44.06211],[87.251387,44.061824],[87.250742,44.061533],[87.250101,44.061237],[87.249463,44.060938],[87.24883,44.060634],[87.248201,44.060326],[87.247575,44.060013],[87.246954,44.059697],[87.246337,44.059376],[87.245725,44.059051],[87.245116,44.058722],[87.244512,44.058388],[87.243912,44.058051],[87.243317,44.05771],[87.242726,44.057364],[87.24214,44.057015],[87.241558,44.056661],[87.240981,44.056304],[87.240409,44.055943],[87.239842,44.055578],[87.239279,44.055209],[87.238721,44.054837],[87.238168,44.05446],[87.23762,44.05408],[87.237077,44.053696],[87.236539,44.053309],[87.236007,44.052918],[87.235479,44.052523],[87.234957,44.052125],[87.234439,44.051723],[87.233927,44.051318],[87.233421,44.050909],[87.23292,44.050497],[87.232424,44.050081],[87.231934,44.049662],[87.231449,44.04924],[87.23097,44.048815],[87.230496,44.048386],[87.230028,44.047954],[87.229566,44.047519],[87.229109,44.047081],[87.228658,44.04664],[87.228213,44.046196],[87.227774,44.045748],[87.227341,44.045298],[87.226913,44.044845],[87.226492,44.044389],[87.226076,44.04393],[87.225667,44.043469],[87.225264,44.043004],[87.224866,44.042537],[87.224475,44.042067],[87.22409,44.041595],[87.223712,44.04112],[87.223339,44.040643],[87.222973,44.040163],[87.222613,44.03968],[87.222259,44.039195],[87.221912,44.038708],[87.221571,44.038218],[87.221237,44.037726],[87.220909,44.037232],[87.220588,44.036736],[87.220273,44.036237],[87.219964,44.035737],[87.219663,44.035234],[87.219368,44.034729],[87.219079,44.034223],[87.218797,44.033714],[87.218522,44.033203],[87.218253,44.032691],[87.217992,44.032177],[87.217737,44.031661],[87.217488,44.031143],[87.217247,44.030624],[87.217012,44.030103],[87.216784,44.029581],[87.216563,44.029057],[87.216349,44.028531],[87.216142,44.028004],[87.215942,44.027476],[87.215748,44.026946],[87.215562,44.026415],[87.215382,44.025883],[87.21521,44.02535],[87.215045,44.024815],[87.214886,44.024279],[87.214735,44.023743],[87.21459,44.023205],[87.214453,44.022666],[87.214323,44.022127],[87.214199,44.021586],[87.214083,44.021045],[87.213974,44.020503],[87.213872,44.01996],[87.213778,44.019417],[87.21369,44.018873],[87.213609,44.018328],[87.213536,44.017783],[87.21347,44.017238],[87.21341,44.016692],[87.213358,44.016145],[87.213314,44.015598],[87.213276,44.015051],[87.213246,44.014504],[87.213222,44.013957],[87.213206,44.013409],[87.213197,44.012861],[87.213195,44.012314],[87.213201,44.011766],[87.213213,44.011218],[87.213233,44.010671],[87.21326,44.010123],[87.213294,44.009576],[87.213335,44.009029],[87.213384,44.008483],[87.213439,44.007936],[87.213502,44.00739],[87.213572,44.006845],[87.213649,44.0063],[87.213733,44.005755],[87.213824,44.005212],[87.213922,44.004668],[87.214028,44.004126],[87.21414,44.003584],[87.21426,44.003043],[87.214387,44.002503],[87.214521,44.001964],[87.214662,44.001425],[87.214809,44.000888],[87.214964,44.000351],[87.215126,43.999816],[87.215295,43.999282],[87.215471,43.998749],[87.215654,43.998217],[87.215844,43.997686],[87.216041,43.997157],[87.216245,43.996629],[87.216455,43.996103],[87.216673,43.995578],[87.216897,43.995054],[87.217129,43.994532],[87.217367,43.994012],[87.217612,43.993493],[87.217863,43.992976],[87.218122,43.99246],[87.218387,43.991947],[87.218659,43.991435],[87.218937,43.990925],[87.219222,43.990417],[87.219514,43.989911],[87.219813,43.989407],[87.220118,43.988905],[87.220429,43.988405],[87.220748,43.987907],[87.221072,43.987411],[87.221403,43.986918],[87.221741,43.986426],[87.222085,43.985938],[87.222435,43.985451],[87.222792,43.984967],[87.223155,43.984485],[87.223525,43.984006],[87.2239,43.983529],[87.224282,43.983055],[87.22467,43.982584],[87.225064,43.982115],[87.225464,43.981648],[87.225871,43.981185],[87.226283,43.980724],[87.226702,43.980266],[87.227126,43.979811],[87.227557,43.979359],[87.227993,43.97891],[87.228435,43.978464],[87.228883,43.97802],[87.229337,43.97758],[87.229796,43.977143],[87.230261,43.976709],[87.230732,43.976278],[87.231208,43.975851],[87.23169,43.975427],[87.232178,43.975006],[87.232671,43.974588],[87.23317,43.974173],[87.233673,43.973762],[87.234183,43.973355],[87.234697,43.972951],[87.235217,43.97255],[87.235742,43.972153],[87.236272,43.97176],[87.236808,43.97137],[87.237348,43.970984],[87.237894,43.970601],[87.238444,43.970222],[87.238999,43.969847],[87.23956,43.969476],[87.240125,43.969109],[87.240695,43.968745],[87.241269,43.968385],[87.241849,43.968029],[87.242433,43.967677],[87.243021,43.96733],[87.243614,43.966986],[87.244212,43.966646],[87.244813,43.96631],[87.24542,43.965978],[87.24603,43.965651],[87.246645,43.965327],[87.247264,43.965008],[87.247888,43.964693],[87.248515,43.964382],[87.249146,43.964075],[87.249782,43.963773],[87.250421,43.963475],[87.251064,43.963182],[87.251711,43.962892],[87.252362,43.962608],[87.253016,43.962327],[87.253674,43.962051],[87.254336,43.96178],[87.255001,43.961513],[87.25567,43.96125],[87.256342,43.960992],[87.257017,43.960739],[87.257696,43.96049],[87.258378,43.960246],[87.259063,43.960006],[87.259751,43.959772],[87.260442,43.959541],[87.261136,43.959316],[87.261833,43.959095],[87.262533,43.958879],[87.263236,43.958668],[87.263942,43.958461],[87.26465,43.95826],[87.265361,43.958063],[87.266074,43.957871],[87.26679,43.957683],[87.267508,43.957501],[87.268228,43.957324],[87.268951,43.957151],[87.269676,43.956983],[87.270404,43.95682],[87.271133,43.956663],[87.271864,43.95651],[87.272598,43.956362],[87.273333,43.956219],[87.27407,43.956081],[87.274809,43.955948],[87.27555,43.95582],[87.276292,43.955697],[87.277036,43.955579],[87.277781,43.955466],[87.278528,43.955359],[87.279276,43.955256],[87.280025,43.955158],[87.280776,43.955066],[87.281528,43.954979],[87.282281,43.954896],[87.283035,43.954819],[87.28379,43.954747],[87.284545,43.95468],[87.285302,43.954618],[87.28606,43.954561],[87.286818,43.95451],[87.287577,43.954463],[87.288336,43.954422],[87.289096,43.954386],[87.289857,43.954355],[87.290617,43.954329],[87.291378,43.954309],[87.29214,43.954293],[87.292901,43.954283],[87.293663,43.954278],[87.294424,43.954278],[87.295186,43.954283],[87.295947,43.954293],[87.296709,43.954309],[87.29747,43.954329],[87.29823,43.954355],[87.298991,43.954386],[87.299751,43.954422],[87.30051,43.954463],[87.301269,43.95451],[87.302027,43.954561],[87.302785,43.954618],[87.303541,43.95468],[87.304297,43.954747],[87.305052,43.954819],[87.305806,43.954896],[87.306559,43.954979],[87.307311,43.955066],[87.308062,43.955158],[87.308811,43.955256],[87.309559,43.955359],[87.310306,43.955466],[87.311051,43.955579],[87.311795,43.955697],[87.312537,43.95582],[87.313278,43.955948],[87.314017,43.956081],[87.314754,43.956219],[87.315489,43.956362],[87.316223,43.95651],[87.316954,43.956663],[87.317683,43.95682],[87.318411,43.956983],[87.319136,43.957151],[87.319858,43.957324],[87.320579,43.957501],[87.321297,43.957683],[87.322013,43.957871],[87.322726,43.958063],[87.323437,43.95826],[87.324145,43.958461],[87.324851,43.958668],[87.325554,43.958879],[87.326254,43.959095],[87.326951,43.959316],[87.327645,43.959541],[87.328336,43.959772],[87.329024,43.960006],[87.329709,43.960246],[87.330391,43.96049],[87.33107,43.960739],[87.331745,43.960992],[87.332417,43.96125],[87.333086,43.961513],[87.333751,43.96178],[87.334413,43.962051],[87.335071,43.962327],[87.335725,43.962608],[87.336376,43.962892],[87.337023,43.963182],[87.337666,43.963475],[87.338305,43.963773],[87.338941,43.964075],[87.339572,43.964382],[87.340199,43.964693],[87.340823,43.965008],[87.341442,43.965327],[87.342057,43.965651],[87.342667,43.965978],[87.343273,43.96631],[87.343875,43.966646],[87.344473,43.966986],[87.345066,43.96733],[87.345654,43.967677],[87.346238,43.968029],[87.346818,43.968385],[87.347392,43.968745],[87.347962,43.969109],[87.348527,43.969476],[87.349087,43.969847],[87.349643,43.970222],[87.350193,43.970601],[87.350739,43.970984],[87.351279,43.97137],[87.351815,43.97176],[87.352345,43.972153],[87.35287,43.97255],[87.35339,43.972951],[87.353904,43.973355],[87.354413,43.973762],[87.354917,43.974173],[87.355416,43.974588],[87.355909,43.975006],[87.356396,43.975427],[87.356878,43.975851],[87.357355,43.976278],[87.357826,43.976709],[87.358291,43.977143],[87.35875,43.97758],[87.359204,43.97802],[87.359652,43.978464],[87.360094,43.97891],[87.36053,43.979359],[87.360961,43.979811],[87.361385,43.980266],[87.361804,43.980724],[87.362216,43.981185],[87.362622,43.981648],[87.363023,43.982115],[87.363417,43.982584],[87.363805,43.983055],[87.364187,43.983529],[87.364562,43.984006],[87.364932,43.984485],[87.365295,43.984967],[87.365652,43.985451],[87.366002,43.985938],[87.366346,43.986426],[87.366684,43.986918],[87.367015,43.987411],[87.367339,43.987907],[87.367657,43.988405],[87.367969,43.988905],[87.368274,43.989407],[87.368573,43.989911],[87.368864,43.990417],[87.36915,43.990925],[87.369428,43.991435],[87.3697,43.991947],[87.369965,43.99246],[87.370224,43.992976],[87.370475,43.993493],[87.37072,43.994012],[87.370958,43.994532],[87.37119,43.995054],[87.371414,43.995578],[87.371632,43.996103],[87.371842,43.996629],[87.372046,43.997157],[87.372243,43.997686],[87.372433,43.998217],[87.372616,43.998749],[87.372792,43.999282],[87.37296,43.999816],[87.373122,44.000351],[87.373277,44.000888],[87.373425,44.001425],[87.373566,44.001964],[87.3737,44.002503],[87.373827,44.003043],[87.373946,44.003584],[87.374059,44.004126],[87.374165,44.004668],[87.374263,44.005212],[87.374354,44.005755],[87.374438,44.0063],[87.374515,44.006845],[87.374585,44.00739],[87.374648,44.007936],[87.374703,44.008483],[87.374752,44.009029],[87.374793,44.009576],[87.374827,44.010123],[87.374854,44.010671],[87.374874,44.011218],[87.374886,44.011766],[87.374892,44.012314],[87.37489,44.012861],[87.374881,44.013409],[87.374865,44.013957],[87.374841,44.014504],[87.374811,44.015051],[87.374773,44.015598],[87.374728,44.016145],[87.374676,44.016692],[87.374617,44.017238],[87.374551,44.017783],[87.374478,44.018328],[87.374397,44.018873],[87.374309,44.019417],[87.374215,44.01996],[87.374113,44.020503],[87.374004,44.021045],[87.373887,44.021586],[87.373764,44.022127],[87.373634,44.022666],[87.373497,44.023205],[87.373352,44.023743],[87.373201,44.024279],[87.373042,44.024815],[87.372877,44.02535],[87.372704,44.025883],[87.372525,44.026415],[87.372339,44.026946],[87.372145,44.027476],[87.371945,44.028004],[87.371738,44.028531],[87.371524,44.029057],[87.371303,44.029581],[87.371075,44.030103],[87.37084,44.030624],[87.370599,44.031143],[87.37035,44.031661],[87.370095,44.032177],[87.369834,44.032691],[87.369565,44.033203],[87.36929,44.033714],[87.369008,44.034223],[87.368719,44.034729],[87.368424,44.035234],[87.368122,44.035737],[87.367814,44.036237],[87.367499,44.036736],[87.367178,44.037232],[87.36685,44.037726],[87.366516,44.038218],[87.366175,44.038708],[87.365828,44.039195],[87.365474,44.03968],[87.365114,44.040163],[87.364748,44.040643],[87.364375,44.04112],[87.363997,44.041595],[87.363612,44.042067],[87.363221,44.042537],[87.362823,44.043004],[87.36242,44.043469],[87.362011,44.04393],[87.361595,44.044389],[87.361174,44.044845],[87.360746,44.045298],[87.360313,44.045748],[87.359874,44.046196],[87.359429,44.04664],[87.358978,44.047081],[87.358521,44.047519],[87.358059,44.047954],[87.357591,44.048386],[87.357117,44.048815],[87.356638,44.04924],[87.356153,44.049662],[87.355663,44.050081],[87.355167,44.050497],[87.354666,44.050909],[87.354159,44.051318],[87.353648,44.051723],[87.35313,44.052125],[87.352608,44.052523],[87.35208,44.052918],[87.351547,44.053309],[87.35101,44.053696],[87.350467,44.05408],[87.349919,44.05446],[87.349366,44.054837],[87.348808,44.055209],[87.348245,44.055578],[87.347678,44.055943],[87.347106,44.056304],[87.346529,44.056661],[87.345947,44.057015],[87.345361,44.057364],[87.34477,44.05771],[87.344175,44.058051],[87.343575,44.058388],[87.342971,44.058722],[87.342362,44.059051],[87.34175,44.059376],[87.341133,44.059697],[87.340511,44.060013],[87.339886,44.060326],[87.339257,44.060634],[87.338623,44.060938],[87.337986,44.061237],[87.337345,44.061533],[87.3367,44.061824],[87.336051,44.06211],[87.335398,44.062392],[87.334742,44.06267],[87.334082,44.062943],[87.333419,44.063212],[87.332752,44.063476],[87.332082,44.063736],[87.331408,44.063991],[87.330731,44.064242],[87.330051,44.064488],[87.329367,44.064729],[87.32868,44.064966],[87.327991,44.065198],[87.327298,44.065426],[87.326602,44.065649],[87.325904,44.065867],[87.325203,44.06608],[87.324498,44.066288],[87.323792,44.066492],[87.323082,44.066691],[87.32237,44.066885],[87.321655,44.067075],[87.320938,44.067259],[87.320219,44.067439],[87.319497,44.067613],[87.318773,44.067783],[87.318047,44.067948],[87.317319,44.068108],[87.316588,44.068263],[87.315856,44.068413],[87.315122,44.068558],[87.314386,44.068699],[87.313648,44.068834],[87.312908,44.068964],[87.312166,44.069089],[87.311423,44.069209],[87.310679,44.069324],[87.309933,44.069434],[87.309185,44.069539],[87.308437,44.069639],[87.307687,44.069734],[87.306935,44.069824],[87.306183,44.069909],[87.305429,44.069988],[87.304675,44.070063],[87.303919,44.070132],[87.303163,44.070197],[87.302406,44.070256],[87.301648,44.07031],[87.30089,44.070359],[87.30013,44.070403],[87.299371,44.070441],[87.298611,44.070475],[87.29785,44.070503],[87.297089,44.070526],[87.296328,44.070544],[87.295567,44.070557],[87.294805,44.070565],[87.294043,44.070567]]]},"properties":{"name":"昌吉市","time":"2018.01.08 00:00-2020.01.08 24:00"}},{"type":"Feature","geometry":{"type":"Polygon","coordinates":[[[82.072142,44.942813],[82.071447,44.94281],[82.070752,44.942803],[82.070057,44.94279],[82.069362,44.942772],[82.068668,44.942749],[82.067974,44.942721],[82.06728,44.942688],[82.066587,44.94265],[82.065895,44.942607],[82.065203,44.942559],[82.064512,44.942506],[82.063822,44.942448],[82.063133,44.942385],[82.062444,44.942316],[82.061757,44.942243],[82.061071,44.942165],[82.060386,44.942081],[82.059702,44.941993],[82.059019,44.941899],[82.058338,44.941801],[82.057659,44.941698],[82.056981,44.94159],[82.056304,44.941476],[82.055629,44.941358],[82.054956,44.941235],[82.054285,44.941107],[82.053616,44.940974],[82.052949,44.940837],[82.052283,44.940694],[82.05162,44.940547],[82.050959,44.940394],[82.0503,44.940237],[82.049644,44.940075],[82.04899,44.939909],[82.048339,44.939737],[82.04769,44.939561],[82.047043,44.93938],[82.046399,44.939194],[82.045758,44.939004],[82.04512,44.938809],[82.044485,44.938609],[82.043853,44.938405],[82.043223,44.938196],[82.042597,44.937983],[82.041974,44.937765],[82.041354,44.937542],[82.040737,44.937315],[82.040124,44.937083],[82.039514,44.936847],[82.038908,44.936607],[82.038305,44.936362],[82.037706,44.936113],[82.03711,44.935859],[82.036518,44.935601],[82.03593,44.935338],[82.035346,44.935072],[82.034765,44.934801],[82.034189,44.934526],[82.033617,44.934247],[82.033049,44.933963],[82.032485,44.933676],[82.031925,44.933384],[82.031369,44.933088],[82.030818,44.932788],[82.030271,44.932484],[82.029729,44.932177],[82.029191,44.931865],[82.028658,44.931549],[82.028129,44.93123],[82.027605,44.930906],[82.027086,44.930579],[82.026572,44.930248],[82.026062,44.929913],[82.025558,44.929575],[82.025058,44.929233],[82.024563,44.928887],[82.024074,44.928538],[82.023589,44.928185],[82.02311,44.927828],[82.022636,44.927469],[82.022167,44.927105],[82.021703,44.926739],[82.021245,44.926368],[82.020792,44.925995],[82.020345,44.925618],[82.019903,44.925238],[82.019467,44.924855],[82.019037,44.924469],[82.018612,44.924079],[82.018192,44.923687],[82.017779,44.923291],[82.017371,44.922892],[82.016969,44.922491],[82.016573,44.922086],[82.016183,44.921679],[82.015799,44.921269],[82.015421,44.920856],[82.015049,44.92044],[82.014683,44.920022],[82.014323,44.9196],[82.013969,44.919177],[82.013622,44.91875],[82.01328,44.918322],[82.012945,44.91789],[82.012617,44.917457],[82.012294,44.917021],[82.011978,44.916582],[82.011668,44.916142],[82.011365,44.915699],[82.011069,44.915254],[82.010778,44.914806],[82.010495,44.914357],[82.010217,44.913905],[82.009947,44.913452],[82.009683,44.912997],[82.009426,44.912539],[82.009175,44.91208],[82.008931,44.911619],[82.008694,44.911156],[82.008464,44.910692],[82.00824,44.910226],[82.008023,44.909758],[82.007813,44.909289],[82.00761,44.908818],[82.007414,44.908346],[82.007224,44.907872],[82.007042,44.907397],[82.006866,44.906921],[82.006697,44.906443],[82.006536,44.905964],[82.006381,44.905484],[82.006233,44.905003],[82.006093,44.904521],[82.005959,44.904038],[82.005833,44.903554],[82.005713,44.903069],[82.005601,44.902583],[82.005495,44.902096],[82.005397,44.901609],[82.005306,44.901121],[82.005222,44.900632],[82.005145,44.900143],[82.005075,44.899653],[82.005012,44.899162],[82.004957,44.898672],[82.004908,44.89818],[82.004867,44.897689],[82.004833,44.897197],[82.004806,44.896705],[82.004787,44.896213],[82.004774,44.895721],[82.004769,44.895228],[82.00477,44.894736],[82.004779,44.894243],[82.004795,44.893751],[82.004819,44.893259],[82.004849,44.892767],[82.004887,44.892275],[82.004932,44.891784],[82.004984,44.891293],[82.005043,44.890802],[82.005109,44.890312],[82.005182,44.889822],[82.005263,44.889333],[82.00535,44.888845],[82.005445,44.888357],[82.005547,44.88787],[82.005656,44.887383],[82.005772,44.886898],[82.005895,44.886413],[82.006025,44.885929],[82.006162,44.885446],[82.006306,44.884964],[82.006458,44.884484],[82.006616,44.884004],[82.006781,44.883526],[82.006953,44.883049],[82.007132,44.882573],[82.007318,44.882098],[82.007511,44.881625],[82.007711,44.881153],[82.007917,44.880683],[82.008131,44.880214],[82.008351,44.879747],[82.008578,44.879281],[82.008812,44.878818],[82.009052,44.878355],[82.0093,44.877895],[82.009553,44.877437],[82.009814,44.87698],[82.010081,44.876525],[82.010355,44.876073],[82.010636,44.875622],[82.010923,44.875173],[82.011216,44.874727],[82.011516,44.874282],[82.011823,44.87384],[82.012135,44.8734],[82.012455,44.872963],[82.01278,44.872527],[82.013112,44.872095],[82.01345,44.871664],[82.013795,44.871236],[82.014145,44.870811],[82.014502,44.870388],[82.014865,44.869968],[82.015234,44.869551],[82.015609,44.869136],[82.01599,44.868724],[82.016378,44.868315],[82.016771,44.867908],[82.01717,44.867505],[82.017574,44.867105],[82.017985,44.866707],[82.018401,44.866313],[82.018823,44.865921],[82.019251,44.865533],[82.019685,44.865148],[82.020124,44.864766],[82.020568,44.864387],[82.021018,44.864011],[82.021474,44.863639],[82.021934,44.86327],[82.022401,44.862905],[82.022872,44.862543],[82.023349,44.862184],[82.023831,44.861829],[82.024318,44.861478],[82.02481,44.86113],[82.025307,44.860785],[82.025809,44.860445],[82.026316,44.860108],[82.026828,44.859774],[82.027345,44.859445],[82.027867,44.859119],[82.028393,44.858797],[82.028924,44.858479],[82.029459,44.858165],[82.03,44.857855],[82.030544,44.857549],[82.031093,44.857247],[82.031646,44.856948],[82.032204,44.856654],[82.032766,44.856364],[82.033332,44.856078],[82.033902,44.855797],[82.034477,44.855519],[82.035055,44.855246],[82.035637,44.854977],[82.036224,44.854712],[82.036814,44.854451],[82.037407,44.854195],[82.038005,44.853943],[82.038606,44.853696],[82.03921,44.853453],[82.039819,44.853214],[82.04043,44.85298],[82.041045,44.85275],[82.041663,44.852525],[82.042285,44.852304],[82.04291,44.852088],[82.043538,44.851877],[82.044168,44.85167],[82.044802,44.851467],[82.045439,44.85127],[82.046079,44.851077],[82.046721,44.850888],[82.047366,44.850705],[82.048014,44.850526],[82.048664,44.850352],[82.049317,44.850183],[82.049972,44.850018],[82.05063,44.849858],[82.051289,44.849703],[82.051951,44.849553],[82.052616,44.849408],[82.053282,44.849268],[82.05395,44.849132],[82.054621,44.849001],[82.055293,44.848876],[82.055967,44.848755],[82.056642,44.848639],[82.057319,44.848528],[82.057998,44.848422],[82.058679,44.848321],[82.05936,44.848225],[82.060044,44.848134],[82.060728,44.848048],[82.061414,44.847967],[82.062101,44.847891],[82.062788,44.84782],[82.063477,44.847754],[82.064167,44.847694],[82.064858,44.847638],[82.065549,44.847587],[82.066241,44.847541],[82.066934,44.847501],[82.067627,44.847465],[82.068321,44.847435],[82.069015,44.847409],[82.06971,44.847389],[82.070404,44.847374],[82.071099,44.847364],[82.071794,44.847358],[82.07249,44.847358],[82.073185,44.847364],[82.07388,44.847374],[82.074574,44.847389],[82.075269,44.847409],[82.075963,44.847435],[82.076657,44.847465],[82.07735,44.847501],[82.078043,44.847541],[82.078735,44.847587],[82.079426,44.847638],[82.080117,44.847694],[82.080807,44.847754],[82.081496,44.84782],[82.082184,44.847891],[82.08287,44.847967],[82.083556,44.848048],[82.08424,44.848134],[82.084924,44.848225],[82.085605,44.848321],[82.086286,44.848422],[82.086965,44.848528],[82.087642,44.848639],[82.088318,44.848755],[82.088991,44.848876],[82.089664,44.849001],[82.090334,44.849132],[82.091002,44.849268],[82.091668,44.849408],[82.092333,44.849553],[82.092995,44.849703],[82.093655,44.849858],[82.094312,44.850018],[82.094967,44.850183],[82.09562,44.850352],[82.09627,44.850526],[82.096918,44.850705],[82.097563,44.850888],[82.098206,44.851077],[82.098845,44.85127],[82.099482,44.851467],[82.100116,44.85167],[82.100747,44.851877],[82.101374,44.852088],[82.101999,44.852304],[82.102621,44.852525],[82.103239,44.85275],[82.103854,44.85298],[82.104465,44.853214],[82.105074,44.853453],[82.105678,44.853696],[82.106279,44.853943],[82.106877,44.854195],[82.107471,44.854451],[82.108061,44.854712],[82.108647,44.854977],[82.109229,44.855246],[82.109807,44.855519],[82.110382,44.855797],[82.110952,44.856078],[82.111518,44.856364],[82.11208,44.856654],[82.112638,44.856948],[82.113191,44.857247],[82.11374,44.857549],[82.114285,44.857855],[82.114825,44.858165],[82.11536,44.858479],[82.115891,44.858797],[82.116417,44.859119],[82.116939,44.859445],[82.117456,44.859774],[82.117968,44.860108],[82.118475,44.860445],[82.118977,44.860785],[82.119474,44.86113],[82.119966,44.861478],[82.120453,44.861829],[82.120935,44.862184],[82.121412,44.862543],[82.121884,44.862905],[82.12235,44.86327],[82.122811,44.863639],[82.123266,44.864011],[82.123716,44.864387],[82.12416,44.864766],[82.124599,44.865148],[82.125033,44.865533],[82.125461,44.865921],[82.125883,44.866313],[82.126299,44.866707],[82.12671,44.867105],[82.127114,44.867505],[82.127513,44.867908],[82.127906,44.868315],[82.128294,44.868724],[82.128675,44.869136],[82.12905,44.869551],[82.129419,44.869968],[82.129782,44.870388],[82.130139,44.870811],[82.130489,44.871236],[82.130834,44.871664],[82.131172,44.872095],[82.131504,44.872527],[82.131829,44.872963],[82.132149,44.8734],[82.132462,44.87384],[82.132768,44.874282],[82.133068,44.874727],[82.133361,44.875173],[82.133648,44.875622],[82.133929,44.876073],[82.134203,44.876525],[82.13447,44.87698],[82.134731,44.877437],[82.134985,44.877895],[82.135232,44.878355],[82.135472,44.878818],[82.135706,44.879281],[82.135933,44.879747],[82.136153,44.880214],[82.136367,44.880683],[82.136573,44.881153],[82.136773,44.881625],[82.136966,44.882098],[82.137152,44.882573],[82.137331,44.883049],[82.137503,44.883526],[82.137668,44.884004],[82.137826,44.884484],[82.137978,44.884964],[82.138122,44.885446],[82.138259,44.885929],[82.138389,44.886413],[82.138512,44.886898],[82.138628,44.887383],[82.138737,44.88787],[82.138839,44.888357],[82.138934,44.888845],[82.139021,44.889333],[82.139102,44.889822],[82.139175,44.890312],[82.139241,44.890802],[82.1393,44.891293],[82.139352,44.891784],[82.139397,44.892275],[82.139435,44.892767],[82.139465,44.893259],[82.139489,44.893751],[82.139505,44.894243],[82.139514,44.894736],[82.139515,44.895228],[82.13951,44.895721],[82.139498,44.896213],[82.139478,44.896705],[82.139451,44.897197],[82.139417,44.897689],[82.139376,44.89818],[82.139327,44.898672],[82.139272,44.899162],[82.139209,44.899653],[82.139139,44.900143],[82.139062,44.900632],[82.138978,44.901121],[82.138887,44.901609],[82.138789,44.902096],[82.138683,44.902583],[82.138571,44.903069],[82.138451,44.903554],[82.138325,44.904038],[82.138191,44.904521],[82.138051,44.905003],[82.137903,44.905484],[82.137748,44.905964],[82.137587,44.906443],[82.137418,44.906921],[82.137242,44.907397],[82.13706,44.907872],[82.13687,44.908346],[82.136674,44.908818],[82.136471,44.909289],[82.136261,44.909758],[82.136044,44.910226],[82.135821,44.910692],[82.13559,44.911156],[82.135353,44.911619],[82.135109,44.91208],[82.134858,44.912539],[82.134601,44.912997],[82.134337,44.913452],[82.134067,44.913905],[82.133789,44.914357],[82.133506,44.914806],[82.133216,44.915254],[82.132919,44.915699],[82.132616,44.916142],[82.132306,44.916582],[82.13199,44.917021],[82.131667,44.917457],[82.131339,44.91789],[82.131004,44.918322],[82.130662,44.91875],[82.130315,44.919177],[82.129961,44.9196],[82.129601,44.920022],[82.129235,44.92044],[82.128863,44.920856],[82.128485,44.921269],[82.128101,44.921679],[82.127711,44.922086],[82.127315,44.922491],[82.126913,44.922892],[82.126505,44.923291],[82.126092,44.923687],[82.125672,44.924079],[82.125247,44.924469],[82.124817,44.924855],[82.124381,44.925238],[82.123939,44.925618],[82.123492,44.925995],[82.123039,44.926368],[82.122581,44.926739],[82.122117,44.927105],[82.121648,44.927469],[82.121174,44.927828],[82.120695,44.928185],[82.120211,44.928538],[82.119721,44.928887],[82.119226,44.929233],[82.118727,44.929575],[82.118222,44.929913],[82.117712,44.930248],[82.117198,44.930579],[82.116679,44.930906],[82.116155,44.93123],[82.115626,44.931549],[82.115093,44.931865],[82.114555,44.932177],[82.114013,44.932484],[82.113466,44.932788],[82.112915,44.933088],[82.112359,44.933384],[82.111799,44.933676],[82.111235,44.933963],[82.110667,44.934247],[82.110095,44.934526],[82.109519,44.934801],[82.108938,44.935072],[82.108354,44.935338],[82.107766,44.935601],[82.107174,44.935859],[82.106579,44.936113],[82.105979,44.936362],[82.105376,44.936607],[82.10477,44.936847],[82.10416,44.937083],[82.103547,44.937315],[82.10293,44.937542],[82.10231,44.937765],[82.101687,44.937983],[82.101061,44.938196],[82.100431,44.938405],[82.099799,44.938609],[82.099164,44.938809],[82.098526,44.939004],[82.097885,44.939194],[82.097241,44.93938],[82.096595,44.939561],[82.095946,44.939737],[82.095294,44.939909],[82.09464,44.940075],[82.093984,44.940237],[82.093325,44.940394],[82.092664,44.940547],[82.092001,44.940694],[82.091335,44.940837],[82.090668,44.940974],[82.089999,44.941107],[82.089328,44.941235],[82.088655,44.941358],[82.08798,44.941476],[82.087303,44.94159],[82.086625,44.941698],[82.085946,44.941801],[82.085265,44.941899],[82.084582,44.941993],[82.083898,44.942081],[82.083213,44.942165],[82.082527,44.942243],[82.08184,44.942316],[82.081151,44.942385],[82.080462,44.942448],[82.079772,44.942506],[82.079081,44.942559],[82.078389,44.942607],[82.077697,44.94265],[82.077004,44.942688],[82.07631,44.942721],[82.075616,44.942749],[82.074922,44.942772],[82.074227,44.94279],[82.073532,44.942803],[82.072837,44.94281],[82.072142,44.942813]]]},"properties":{"name":"博乐市","time":"2018.01.08 00:00-2020.01.08 24:00"}},{"type":"Feature","geometry":{"type":"Polygon","coordinates":[[[116.66666683007341,41.11666858673678],[116.98333183470162,40.81666787387188],[117.60000154681072,40.68333126300173],[117.33333238436349,40.433333810848396],[117.4833341522147,40.18333390974142],[117.2499995437492,40.01666515702409],[116.9166654595991,39.98333367094125],[117.05000027533461,39.79999876332967],[116.86666648282646,39.56666789489006],[116.58333353291923,39.55000079835142],[116.43333327921053,39.38333397220056],[116.11666571229657,39.49999832019303],[116.116665976499,39.49999909678818],[115.81666628922659,39.44999935192406],[115.45000057076412,39.549999518969244],[115.33333332192902,39.78333270636719],[115.38333219407136,40.06666690249865],[115.84999954987595,40.283332591427055],[115.66666651480163,40.516666594753346],[116.2166675729838,40.850000561177495],[116.28333251393187,40.966666784632196],[116.66666650556103,41.116667632866864],[116.66666683007341,41.11666858673678]]]},"properties":{"name":"北京市","time":"2018.01.08 00:00-2020.01.08 24:00"}},{"type":"Feature","geometry":{"type":"Polygon","coordinates":[[[76.202962,39.735785],[76.202315,39.735782],[76.201668,39.735774],[76.201021,39.73576],[76.200374,39.735741],[76.199728,39.735716],[76.199082,39.735686],[76.198437,39.73565],[76.197792,39.735609],[76.197148,39.735562],[76.196504,39.735509],[76.195862,39.735452],[76.19522,39.735388],[76.194579,39.73532],[76.193939,39.735246],[76.193301,39.735166],[76.192663,39.735081],[76.192027,39.73499],[76.191392,39.734895],[76.190758,39.734793],[76.190126,39.734687],[76.189496,39.734574],[76.188867,39.734457],[76.18824,39.734334],[76.187615,39.734206],[76.186991,39.734073],[76.18637,39.733934],[76.185751,39.73379],[76.185134,39.733641],[76.184518,39.733486],[76.183906,39.733326],[76.183295,39.733161],[76.182687,39.732991],[76.182082,39.732816],[76.181479,39.732635],[76.180878,39.73245],[76.180281,39.732259],[76.179686,39.732063],[76.179094,39.731862],[76.178505,39.731656],[76.177919,39.731445],[76.177336,39.731229],[76.176756,39.731009],[76.176179,39.730783],[76.175606,39.730552],[76.175036,39.730317],[76.17447,39.730076],[76.173907,39.729831],[76.173347,39.729581],[76.172791,39.729326],[76.172239,39.729067],[76.171691,39.728802],[76.171146,39.728534],[76.170606,39.72826],[76.170069,39.727982],[76.169537,39.7277],[76.169008,39.727412],[76.168484,39.727121],[76.167964,39.726825],[76.167448,39.726524],[76.166936,39.726219],[76.166429,39.72591],[76.165927,39.725597],[76.165429,39.725279],[76.164936,39.724957],[76.164447,39.724631],[76.163963,39.7243],[76.163484,39.723966],[76.163009,39.723627],[76.16254,39.723285],[76.162076,39.722938],[76.161616,39.722588],[76.161162,39.722234],[76.160713,39.721875],[76.160269,39.721513],[76.15983,39.721148],[76.159396,39.720778],[76.158968,39.720405],[76.158545,39.720028],[76.158128,39.719648],[76.157716,39.719264],[76.15731,39.718877],[76.15691,39.718486],[76.156515,39.718092],[76.156125,39.717694],[76.155742,39.717293],[76.155364,39.716889],[76.154992,39.716482],[76.154626,39.716071],[76.154266,39.715658],[76.153912,39.715241],[76.153564,39.714821],[76.153222,39.714399],[76.152886,39.713973],[76.152557,39.713545],[76.152233,39.713114],[76.151916,39.71268],[76.151605,39.712244],[76.1513,39.711805],[76.151002,39.711363],[76.15071,39.710919],[76.150424,39.710472],[76.150145,39.710023],[76.149872,39.709572],[76.149606,39.709118],[76.149347,39.708662],[76.149094,39.708204],[76.148847,39.707744],[76.148607,39.707281],[76.148374,39.706817],[76.148148,39.706351],[76.147928,39.705882],[76.147716,39.705412],[76.14751,39.70494],[76.14731,39.704467],[76.147118,39.703991],[76.146932,39.703515],[76.146754,39.703036],[76.146582,39.702556],[76.146417,39.702075],[76.146259,39.701592],[76.146108,39.701108],[76.145964,39.700623],[76.145827,39.700136],[76.145697,39.699648],[76.145574,39.69916],[76.145458,39.69867],[76.145349,39.698179],[76.145248,39.697687],[76.145153,39.697195],[76.145065,39.696702],[76.144985,39.696208],[76.144912,39.695713],[76.144845,39.695218],[76.144786,39.694722],[76.144734,39.694226],[76.14469,39.693729],[76.144652,39.693232],[76.144622,39.692735],[76.144598,39.692237],[76.144582,39.691739],[76.144573,39.691241],[76.144571,39.690743],[76.144577,39.690246],[76.144589,39.689748],[76.144609,39.68925],[76.144636,39.688753],[76.14467,39.688255],[76.144711,39.687758],[76.14476,39.687262],[76.144815,39.686766],[76.144878,39.68627],[76.144947,39.685775],[76.145024,39.685281],[76.145108,39.684787],[76.145199,39.684294],[76.145298,39.683802],[76.145403,39.683311],[76.145515,39.68282],[76.145635,39.682331],[76.145761,39.681842],[76.145895,39.681355],[76.146035,39.680869],[76.146183,39.680384],[76.146337,39.679901],[76.146498,39.679418],[76.146667,39.678937],[76.146842,39.678458],[76.147024,39.67798],[76.147213,39.677504],[76.147409,39.677029],[76.147612,39.676556],[76.147821,39.676085],[76.148037,39.675616],[76.14826,39.675148],[76.14849,39.674683],[76.148727,39.674219],[76.14897,39.673758],[76.149219,39.673298],[76.149476,39.672841],[76.149738,39.672386],[76.150008,39.671933],[76.150284,39.671482],[76.150566,39.671034],[76.150855,39.670589],[76.15115,39.670145],[76.151452,39.669705],[76.151759,39.669267],[76.152074,39.668831],[76.152394,39.668398],[76.152721,39.667969],[76.153053,39.667541],[76.153392,39.667117],[76.153737,39.666696],[76.154088,39.666277],[76.154445,39.665862],[76.154808,39.66545],[76.155177,39.66504],[76.155552,39.664634],[76.155933,39.664232],[76.156319,39.663832],[76.156711,39.663436],[76.157109,39.663043],[76.157513,39.662654],[76.157922,39.662268],[76.158336,39.661885],[76.158756,39.661506],[76.159182,39.661131],[76.159612,39.660759],[76.160049,39.660391],[76.16049,39.660027],[76.160937,39.659667],[76.161388,39.65931],[76.161845,39.658957],[76.162307,39.658609],[76.162774,39.658264],[76.163246,39.657923],[76.163723,39.657586],[76.164204,39.657253],[76.164691,39.656925],[76.165182,39.6566],[76.165677,39.65628],[76.166178,39.655964],[76.166682,39.655653],[76.167192,39.655345],[76.167705,39.655042],[76.168223,39.654744],[76.168745,39.654449],[76.169272,39.65416],[76.169802,39.653875],[76.170337,39.653594],[76.170876,39.653318],[76.171418,39.653046],[76.171965,39.65278],[76.172515,39.652518],[76.173069,39.65226],[76.173626,39.652007],[76.174188,39.65176],[76.174752,39.651517],[76.175321,39.651278],[76.175892,39.651045],[76.176467,39.650816],[76.177046,39.650593],[76.177627,39.650374],[76.178211,39.65016],[76.178799,39.649952],[76.17939,39.649748],[76.179983,39.64955],[76.180579,39.649356],[76.181178,39.649168],[76.18178,39.648984],[76.182384,39.648806],[76.182991,39.648633],[76.1836,39.648465],[76.184212,39.648303],[76.184826,39.648145],[76.185442,39.647993],[76.18606,39.647846],[76.186681,39.647705],[76.187303,39.647569],[76.187927,39.647438],[76.188553,39.647312],[76.189181,39.647192],[76.189811,39.647077],[76.190442,39.646967],[76.191075,39.646863],[76.191709,39.646765],[76.192345,39.646671],[76.192982,39.646583],[76.19362,39.646501],[76.194259,39.646424],[76.194899,39.646352],[76.195541,39.646286],[76.196183,39.646226],[76.196826,39.646171],[76.19747,39.646121],[76.198114,39.646077],[76.198759,39.646038],[76.199405,39.646005],[76.200051,39.645978],[76.200698,39.645956],[76.201344,39.645939],[76.201991,39.645928],[76.202638,39.645922],[76.203285,39.645922],[76.203932,39.645928],[76.204579,39.645939],[76.205226,39.645956],[76.205872,39.645978],[76.206518,39.646005],[76.207164,39.646038],[76.207809,39.646077],[76.208453,39.646121],[76.209097,39.646171],[76.20974,39.646226],[76.210383,39.646286],[76.211024,39.646352],[76.211664,39.646424],[76.212304,39.646501],[76.212942,39.646583],[76.213579,39.646671],[76.214214,39.646765],[76.214848,39.646863],[76.215481,39.646967],[76.216112,39.647077],[76.216742,39.647192],[76.21737,39.647312],[76.217996,39.647438],[76.21862,39.647569],[76.219243,39.647705],[76.219863,39.647846],[76.220481,39.647993],[76.221098,39.648145],[76.221712,39.648303],[76.222323,39.648465],[76.222932,39.648633],[76.223539,39.648806],[76.224143,39.648984],[76.224745,39.649168],[76.225344,39.649356],[76.22594,39.64955],[76.226534,39.649748],[76.227124,39.649952],[76.227712,39.65016],[76.228296,39.650374],[76.228878,39.650593],[76.229456,39.650816],[76.230031,39.651045],[76.230603,39.651278],[76.231171,39.651517],[76.231736,39.65176],[76.232297,39.652007],[76.232855,39.65226],[76.233409,39.652518],[76.233959,39.65278],[76.234505,39.653046],[76.235048,39.653318],[76.235586,39.653594],[76.236121,39.653875],[76.236652,39.65416],[76.237178,39.654449],[76.2377,39.654744],[76.238218,39.655042],[76.238732,39.655345],[76.239241,39.655653],[76.239746,39.655964],[76.240246,39.65628],[76.240742,39.6566],[76.241233,39.656925],[76.241719,39.657253],[76.242201,39.657586],[76.242677,39.657923],[76.243149,39.658264],[76.243616,39.658609],[76.244078,39.658957],[76.244535,39.65931],[76.244987,39.659667],[76.245433,39.660027],[76.245875,39.660391],[76.246311,39.660759],[76.246742,39.661131],[76.247167,39.661506],[76.247587,39.661885],[76.248002,39.662268],[76.248411,39.662654],[76.248814,39.663043],[76.249212,39.663436],[76.249604,39.663832],[76.249991,39.664232],[76.250371,39.664634],[76.250746,39.66504],[76.251115,39.66545],[76.251478,39.665862],[76.251835,39.666277],[76.252186,39.666696],[76.252531,39.667117],[76.25287,39.667541],[76.253203,39.667969],[76.253529,39.668398],[76.25385,39.668831],[76.254164,39.669267],[76.254472,39.669705],[76.254773,39.670145],[76.255069,39.670589],[76.255357,39.671034],[76.25564,39.671482],[76.255916,39.671933],[76.256185,39.672386],[76.256448,39.672841],[76.256704,39.673298],[76.256954,39.673758],[76.257197,39.674219],[76.257433,39.674683],[76.257663,39.675148],[76.257886,39.675616],[76.258102,39.676085],[76.258312,39.676556],[76.258514,39.677029],[76.25871,39.677504],[76.258899,39.67798],[76.259081,39.678458],[76.259257,39.678937],[76.259425,39.679418],[76.259586,39.679901],[76.259741,39.680384],[76.259888,39.680869],[76.260029,39.681355],[76.260162,39.681842],[76.260289,39.682331],[76.260408,39.68282],[76.26052,39.683311],[76.260626,39.683802],[76.260724,39.684294],[76.260815,39.684787],[76.260899,39.685281],[76.260976,39.685775],[76.261046,39.68627],[76.261108,39.686766],[76.261164,39.687262],[76.261212,39.687758],[76.261253,39.688255],[76.261287,39.688753],[76.261314,39.68925],[76.261334,39.689748],[76.261347,39.690246],[76.261352,39.690743],[76.26135,39.691241],[76.261341,39.691739],[76.261325,39.692237],[76.261302,39.692735],[76.261271,39.693232],[76.261234,39.693729],[76.261189,39.694226],[76.261137,39.694722],[76.261078,39.695218],[76.261012,39.695713],[76.260938,39.696208],[76.260858,39.696702],[76.26077,39.697195],[76.260676,39.697687],[76.260574,39.698179],[76.260465,39.69867],[76.260349,39.69916],[76.260226,39.699648],[76.260096,39.700136],[76.259959,39.700623],[76.259815,39.701108],[76.259664,39.701592],[76.259506,39.702075],[76.259342,39.702556],[76.25917,39.703036],[76.258991,39.703515],[76.258805,39.703991],[76.258613,39.704467],[76.258414,39.70494],[76.258208,39.705412],[76.257995,39.705882],[76.257775,39.706351],[76.257549,39.706817],[76.257316,39.707281],[76.257076,39.707744],[76.25683,39.708204],[76.256577,39.708662],[76.256317,39.709118],[76.256051,39.709572],[76.255778,39.710023],[76.255499,39.710472],[76.255214,39.710919],[76.254922,39.711363],[76.254623,39.711805],[76.254319,39.712244],[76.254008,39.71268],[76.25369,39.713114],[76.253367,39.713545],[76.253037,39.713973],[76.252701,39.714399],[76.252359,39.714821],[76.252011,39.715241],[76.251657,39.715658],[76.251297,39.716071],[76.250931,39.716482],[76.250559,39.716889],[76.250182,39.717293],[76.249798,39.717694],[76.249409,39.718092],[76.249014,39.718486],[76.248613,39.718877],[76.248207,39.719264],[76.247795,39.719648],[76.247378,39.720028],[76.246955,39.720405],[76.246527,39.720778],[76.246094,39.721148],[76.245655,39.721513],[76.245211,39.721875],[76.244761,39.722234],[76.244307,39.722588],[76.243848,39.722938],[76.243383,39.723285],[76.242914,39.723627],[76.24244,39.723966],[76.24196,39.7243],[76.241476,39.724631],[76.240988,39.724957],[76.240494,39.725279],[76.239996,39.725597],[76.239494,39.72591],[76.238987,39.726219],[76.238475,39.726524],[76.23796,39.726825],[76.23744,39.727121],[76.236915,39.727412],[76.236387,39.7277],[76.235854,39.727982],[76.235318,39.72826],[76.234777,39.728534],[76.234232,39.728802],[76.233684,39.729067],[76.233132,39.729326],[76.232576,39.729581],[76.232017,39.729831],[76.231454,39.730076],[76.230887,39.730317],[76.230317,39.730552],[76.229744,39.730783],[76.229167,39.731009],[76.228587,39.731229],[76.228004,39.731445],[76.227418,39.731656],[76.226829,39.731862],[76.226237,39.732063],[76.225643,39.732259],[76.225045,39.73245],[76.224445,39.732635],[76.223842,39.732816],[76.223236,39.732991],[76.222628,39.733161],[76.222018,39.733326],[76.221405,39.733486],[76.22079,39.733641],[76.220173,39.73379],[76.219553,39.733934],[76.218932,39.734073],[76.218308,39.734206],[76.217683,39.734334],[76.217056,39.734457],[76.216427,39.734574],[76.215797,39.734687],[76.215165,39.734793],[76.214532,39.734895],[76.213897,39.73499],[76.21326,39.735081],[76.212623,39.735166],[76.211984,39.735246],[76.211344,39.73532],[76.210703,39.735388],[76.210062,39.735452],[76.209419,39.735509],[76.208775,39.735562],[76.208131,39.735609],[76.207486,39.73565],[76.206841,39.735686],[76.206195,39.735716],[76.205549,39.735741],[76.204902,39.73576],[76.204256,39.735774],[76.203609,39.735782],[76.202962,39.735785]]]},"properties":{"name":"阿图什市","time":"2018.01.08 00:00-2020.01.08 24:00"}},{"type":"Feature","geometry":{"type":"Polygon","coordinates":[[[88.142346,47.925877],[88.141466,47.925875],[88.140587,47.925867],[88.139707,47.925855],[88.138828,47.925839],[88.137949,47.925817],[88.13707,47.92579],[88.136192,47.925759],[88.135314,47.925723],[88.134437,47.925682],[88.13356,47.925637],[88.132683,47.925586],[88.131807,47.925531],[88.130932,47.925471],[88.130058,47.925406],[88.129185,47.925337],[88.128312,47.925262],[88.12744,47.925183],[88.12657,47.925099],[88.1257,47.925011],[88.124832,47.924917],[88.123964,47.924819],[88.123098,47.924716],[88.122233,47.924609],[88.12137,47.924496],[88.120508,47.924379],[88.119647,47.924257],[88.118788,47.924131],[88.11793,47.924],[88.117074,47.923864],[88.11622,47.923723],[88.115368,47.923578],[88.114517,47.923428],[88.113668,47.923274],[88.112821,47.923115],[88.111976,47.922951],[88.111133,47.922783],[88.110292,47.92261],[88.109453,47.922432],[88.108617,47.92225],[88.107782,47.922063],[88.10695,47.921872],[88.106121,47.921676],[88.105293,47.921476],[88.104469,47.921271],[88.103646,47.921061],[88.102827,47.920847],[88.10201,47.920629],[88.101195,47.920406],[88.100384,47.920179],[88.099575,47.919947],[88.098769,47.919711],[88.097966,47.919471],[88.097166,47.919226],[88.096368,47.918977],[88.095574,47.918723],[88.094783,47.918465],[88.093996,47.918203],[88.093211,47.917936],[88.09243,47.917665],[88.091652,47.91739],[88.090877,47.917111],[88.090106,47.916827],[88.089338,47.91654],[88.088574,47.916248],[88.087814,47.915951],[88.087057,47.915651],[88.086303,47.915347],[88.085554,47.915038],[88.084808,47.914725],[88.084066,47.914409],[88.083328,47.914088],[88.082594,47.913763],[88.081864,47.913434],[88.081138,47.913102],[88.080416,47.912765],[88.079698,47.912424],[88.078984,47.91208],[88.078275,47.911731],[88.077569,47.911379],[88.076868,47.911023],[88.076172,47.910662],[88.07548,47.910299],[88.074792,47.909931],[88.074109,47.90956],[88.07343,47.909185],[88.072756,47.908806],[88.072087,47.908423],[88.071422,47.908037],[88.070762,47.907647],[88.070106,47.907254],[88.069456,47.906857],[88.06881,47.906457],[88.06817,47.906053],[88.067534,47.905645],[88.066903,47.905234],[88.066277,47.90482],[88.065656,47.904402],[88.065041,47.903981],[88.06443,47.903556],[88.063825,47.903128],[88.063225,47.902697],[88.06263,47.902263],[88.062041,47.901825],[88.061457,47.901384],[88.060878,47.90094],[88.060305,47.900493],[88.059737,47.900042],[88.059174,47.899589],[88.058618,47.899132],[88.058066,47.898673],[88.057521,47.89821],[88.056981,47.897745],[88.056446,47.897276],[88.055918,47.896805],[88.055395,47.896331],[88.054878,47.895853],[88.054367,47.895373],[88.053861,47.894891],[88.053362,47.894405],[88.052868,47.893917],[88.052381,47.893426],[88.051899,47.892933],[88.051424,47.892436],[88.050954,47.891938],[88.050491,47.891436],[88.050034,47.890932],[88.049582,47.890426],[88.049137,47.889917],[88.048699,47.889406],[88.048266,47.888892],[88.04784,47.888377],[88.04742,47.887858],[88.047006,47.887338],[88.046599,47.886815],[88.046198,47.88629],[88.045803,47.885763],[88.045415,47.885233],[88.045034,47.884702],[88.044658,47.884168],[88.04429,47.883633],[88.043928,47.883095],[88.043572,47.882555],[88.043223,47.882014],[88.042881,47.881471],[88.042545,47.880925],[88.042216,47.880378],[88.041893,47.879829],[88.041577,47.879279],[88.041268,47.878726],[88.040966,47.878172],[88.04067,47.877617],[88.040382,47.877059],[88.0401,47.876501],[88.039824,47.87594],[88.039556,47.875378],[88.039294,47.874815],[88.03904,47.87425],[88.038792,47.873684],[88.038551,47.873117],[88.038317,47.872548],[88.03809,47.871978],[88.03787,47.871407],[88.037656,47.870834],[88.03745,47.87026],[88.037251,47.869686],[88.037059,47.86911],[88.036874,47.868533],[88.036695,47.867955],[88.036524,47.867376],[88.03636,47.866797],[88.036203,47.866216],[88.036053,47.865635],[88.03591,47.865052],[88.035774,47.864469],[88.035646,47.863885],[88.035524,47.863301],[88.035409,47.862716],[88.035302,47.86213],[88.035202,47.861544],[88.035109,47.860957],[88.035023,47.86037],[88.034944,47.859782],[88.034872,47.859194],[88.034807,47.858605],[88.03475,47.858016],[88.0347,47.857427],[88.034657,47.856837],[88.034621,47.856248],[88.034592,47.855658],[88.034571,47.855068],[88.034556,47.854477],[88.034549,47.853887],[88.034549,47.853297],[88.034556,47.852707],[88.034571,47.852117],[88.034592,47.851526],[88.034621,47.850937],[88.034657,47.850347],[88.0347,47.849757],[88.03475,47.849168],[88.034807,47.848579],[88.034872,47.84799],[88.034944,47.847402],[88.035023,47.846814],[88.035109,47.846226],[88.035202,47.845639],[88.035302,47.845053],[88.035409,47.844467],[88.035524,47.843881],[88.035646,47.843297],[88.035774,47.842713],[88.03591,47.842129],[88.036053,47.841547],[88.036203,47.840965],[88.03636,47.840384],[88.036524,47.839804],[88.036695,47.839225],[88.036874,47.838647],[88.037059,47.83807],[88.037251,47.837494],[88.03745,47.836918],[88.037656,47.836344],[88.03787,47.835772],[88.03809,47.8352],[88.038317,47.834629],[88.038551,47.83406],[88.038792,47.833492],[88.03904,47.832926],[88.039294,47.832361],[88.039556,47.831797],[88.039824,47.831234],[88.0401,47.830674],[88.040382,47.830114],[88.04067,47.829556],[88.040966,47.829],[88.041268,47.828446],[88.041577,47.827893],[88.041893,47.827342],[88.042216,47.826792],[88.042545,47.826245],[88.042881,47.825699],[88.043223,47.825155],[88.043572,47.824613],[88.043928,47.824072],[88.04429,47.823534],[88.044658,47.822998],[88.045034,47.822464],[88.045415,47.821932],[88.045803,47.821402],[88.046198,47.820874],[88.046599,47.820348],[88.047006,47.819825],[88.04742,47.819303],[88.04784,47.818784],[88.048266,47.818268],[88.048699,47.817753],[88.049137,47.817241],[88.049582,47.816732],[88.050034,47.816225],[88.050491,47.81572],[88.050954,47.815218],[88.051424,47.814719],[88.051899,47.814222],[88.052381,47.813728],[88.052868,47.813236],[88.053362,47.812747],[88.053861,47.812261],[88.054367,47.811777],[88.054878,47.811296],[88.055395,47.810818],[88.055918,47.810343],[88.056446,47.809871],[88.056981,47.809402],[88.057521,47.808936],[88.058066,47.808472],[88.058618,47.808012],[88.059174,47.807554],[88.059737,47.8071],[88.060305,47.806649],[88.060878,47.806201],[88.061457,47.805756],[88.062041,47.805314],[88.06263,47.804876],[88.063225,47.804441],[88.063825,47.804009],[88.06443,47.80358],[88.065041,47.803154],[88.065656,47.802732],[88.066277,47.802314],[88.066903,47.801899],[88.067534,47.801487],[88.06817,47.801078],[88.06881,47.800674],[88.069456,47.800272],[88.070106,47.799875],[88.070762,47.79948],[88.071422,47.79909],[88.072087,47.798703],[88.072756,47.79832],[88.07343,47.79794],[88.074109,47.797564],[88.074792,47.797192],[88.07548,47.796824],[88.076172,47.796459],[88.076868,47.796098],[88.077569,47.795741],[88.078275,47.795388],[88.078984,47.795039],[88.079698,47.794693],[88.080416,47.794352],[88.081138,47.794014],[88.081864,47.793681],[88.082594,47.793351],[88.083328,47.793026],[88.084066,47.792704],[88.084808,47.792387],[88.085554,47.792073],[88.086303,47.791764],[88.087057,47.791459],[88.087814,47.791158],[88.088574,47.790861],[88.089338,47.790568],[88.090106,47.79028],[88.090877,47.789995],[88.091652,47.789715],[88.09243,47.78944],[88.093211,47.789168],[88.093996,47.788901],[88.094783,47.788638],[88.095574,47.788379],[88.096368,47.788125],[88.097166,47.787875],[88.097966,47.78763],[88.098769,47.787389],[88.099575,47.787152],[88.100384,47.78692],[88.101195,47.786692],[88.10201,47.786468],[88.102827,47.786249],[88.103646,47.786035],[88.104469,47.785825],[88.105293,47.78562],[88.106121,47.785419],[88.10695,47.785222],[88.107782,47.785031],[88.108617,47.784843],[88.109453,47.784661],[88.110292,47.784483],[88.111133,47.784309],[88.111976,47.78414],[88.112821,47.783976],[88.113668,47.783817],[88.114517,47.783662],[88.115368,47.783512],[88.11622,47.783366],[88.117074,47.783225],[88.11793,47.783089],[88.118788,47.782957],[88.119647,47.78283],[88.120508,47.782708],[88.12137,47.782591],[88.122233,47.782478],[88.123098,47.78237],[88.123964,47.782267],[88.124832,47.782169],[88.1257,47.782075],[88.12657,47.781986],[88.12744,47.781902],[88.128312,47.781823],[88.129185,47.781748],[88.130058,47.781679],[88.130932,47.781614],[88.131807,47.781553],[88.132683,47.781498],[88.13356,47.781447],[88.134437,47.781402],[88.135314,47.781361],[88.136192,47.781325],[88.13707,47.781293],[88.137949,47.781267],[88.138828,47.781245],[88.139707,47.781228],[88.140587,47.781216],[88.141466,47.781209],[88.142346,47.781206],[88.143226,47.781209],[88.144105,47.781216],[88.144985,47.781228],[88.145864,47.781245],[88.146743,47.781267],[88.147622,47.781293],[88.1485,47.781325],[88.149378,47.781361],[88.150256,47.781402],[88.151133,47.781447],[88.152009,47.781498],[88.152885,47.781553],[88.15376,47.781614],[88.154634,47.781679],[88.155508,47.781748],[88.15638,47.781823],[88.157252,47.781902],[88.158123,47.781986],[88.158992,47.782075],[88.159861,47.782169],[88.160728,47.782267],[88.161594,47.78237],[88.162459,47.782478],[88.163323,47.782591],[88.164185,47.782708],[88.165045,47.78283],[88.165904,47.782957],[88.166762,47.783089],[88.167618,47.783225],[88.168472,47.783366],[88.169325,47.783512],[88.170175,47.783662],[88.171024,47.783817],[88.171871,47.783976],[88.172716,47.78414],[88.173559,47.784309],[88.1744,47.784483],[88.175239,47.784661],[88.176075,47.784843],[88.17691,47.785031],[88.177742,47.785222],[88.178572,47.785419],[88.179399,47.78562],[88.180224,47.785825],[88.181046,47.786035],[88.181866,47.786249],[88.182683,47.786468],[88.183497,47.786692],[88.184309,47.78692],[88.185117,47.787152],[88.185923,47.787389],[88.186727,47.78763],[88.187527,47.787875],[88.188324,47.788125],[88.189118,47.788379],[88.189909,47.788638],[88.190697,47.788901],[88.191481,47.789168],[88.192262,47.78944],[88.19304,47.789715],[88.193815,47.789995],[88.194586,47.79028],[88.195354,47.790568],[88.196118,47.790861],[88.196879,47.791158],[88.197636,47.791459],[88.198389,47.791764],[88.199138,47.792073],[88.199884,47.792387],[88.200626,47.792704],[88.201364,47.793026],[88.202098,47.793351],[88.202828,47.793681],[88.203554,47.794014],[88.204276,47.794352],[88.204994,47.794693],[88.205708,47.795039],[88.206418,47.795388],[88.207123,47.795741],[88.207824,47.796098],[88.20852,47.796459],[88.209213,47.796824],[88.2099,47.797192],[88.210583,47.797564],[88.211262,47.79794],[88.211936,47.79832],[88.212606,47.798703],[88.21327,47.79909],[88.213931,47.79948],[88.214586,47.799875],[88.215236,47.800272],[88.215882,47.800674],[88.216523,47.801078],[88.217158,47.801487],[88.217789,47.801899],[88.218415,47.802314],[88.219036,47.802732],[88.219651,47.803154],[88.220262,47.80358],[88.220867,47.804009],[88.221467,47.804441],[88.222062,47.804876],[88.222651,47.805314],[88.223236,47.805756],[88.223814,47.806201],[88.224388,47.806649],[88.224955,47.8071],[88.225518,47.807554],[88.226075,47.808012],[88.226626,47.808472],[88.227171,47.808936],[88.227711,47.809402],[88.228246,47.809871],[88.228774,47.810343],[88.229297,47.810818],[88.229814,47.811296],[88.230325,47.811777],[88.230831,47.812261],[88.23133,47.812747],[88.231824,47.813236],[88.232311,47.813728],[88.232793,47.814222],[88.233268,47.814719],[88.233738,47.815218],[88.234201,47.81572],[88.234659,47.816225],[88.23511,47.816732],[88.235555,47.817241],[88.235994,47.817753],[88.236426,47.818268],[88.236852,47.818784],[88.237272,47.819303],[88.237686,47.819825],[88.238093,47.820348],[88.238494,47.820874],[88.238889,47.821402],[88.239277,47.821932],[88.239659,47.822464],[88.240034,47.822998],[88.240402,47.823534],[88.240765,47.824072],[88.24112,47.824613],[88.241469,47.825155],[88.241812,47.825699],[88.242147,47.826245],[88.242477,47.826792],[88.242799,47.827342],[88.243115,47.827893],[88.243424,47.828446],[88.243726,47.829],[88.244022,47.829556],[88.244311,47.830114],[88.244593,47.830674],[88.244868,47.831234],[88.245136,47.831797],[88.245398,47.832361],[88.245653,47.832926],[88.2459,47.833492],[88.246141,47.83406],[88.246375,47.834629],[88.246602,47.8352],[88.246823,47.835772],[88.247036,47.836344],[88.247242,47.836918],[88.247441,47.837494],[88.247633,47.83807],[88.247819,47.838647],[88.247997,47.839225],[88.248168,47.839804],[88.248332,47.840384],[88.248489,47.840965],[88.248639,47.841547],[88.248782,47.842129],[88.248918,47.842713],[88.249047,47.843297],[88.249168,47.843881],[88.249283,47.844467],[88.24939,47.845053],[88.249491,47.845639],[88.249584,47.846226],[88.24967,47.846814],[88.249749,47.847402],[88.24982,47.84799],[88.249885,47.848579],[88.249942,47.849168],[88.249992,47.849757],[88.250035,47.850347],[88.250071,47.850937],[88.2501,47.851526],[88.250122,47.852117],[88.250136,47.852707],[88.250143,47.853297],[88.250143,47.853887],[88.250136,47.854477],[88.250122,47.855068],[88.2501,47.855658],[88.250071,47.856248],[88.250035,47.856837],[88.249992,47.857427],[88.249942,47.858016],[88.249885,47.858605],[88.24982,47.859194],[88.249749,47.859782],[88.24967,47.86037],[88.249584,47.860957],[88.249491,47.861544],[88.24939,47.86213],[88.249283,47.862716],[88.249168,47.863301],[88.249047,47.863885],[88.248918,47.864469],[88.248782,47.865052],[88.248639,47.865635],[88.248489,47.866216],[88.248332,47.866797],[88.248168,47.867376],[88.247997,47.867955],[88.247819,47.868533],[88.247633,47.86911],[88.247441,47.869686],[88.247242,47.87026],[88.247036,47.870834],[88.246823,47.871407],[88.246602,47.871978],[88.246375,47.872548],[88.246141,47.873117],[88.2459,47.873684],[88.245653,47.87425],[88.245398,47.874815],[88.245136,47.875378],[88.244868,47.87594],[88.244593,47.876501],[88.244311,47.877059],[88.244022,47.877617],[88.243726,47.878172],[88.243424,47.878726],[88.243115,47.879279],[88.242799,47.879829],[88.242477,47.880378],[88.242147,47.880925],[88.241812,47.881471],[88.241469,47.882014],[88.24112,47.882555],[88.240765,47.883095],[88.240402,47.883633],[88.240034,47.884168],[88.239659,47.884702],[88.239277,47.885233],[88.238889,47.885763],[88.238494,47.88629],[88.238093,47.886815],[88.237686,47.887338],[88.237272,47.887858],[88.236852,47.888377],[88.236426,47.888892],[88.235994,47.889406],[88.235555,47.889917],[88.23511,47.890426],[88.234659,47.890932],[88.234201,47.891436],[88.233738,47.891938],[88.233268,47.892436],[88.232793,47.892933],[88.232311,47.893426],[88.231824,47.893917],[88.23133,47.894405],[88.230831,47.894891],[88.230325,47.895373],[88.229814,47.895853],[88.229297,47.896331],[88.228774,47.896805],[88.228246,47.897276],[88.227711,47.897745],[88.227171,47.89821],[88.226626,47.898673],[88.226075,47.899132],[88.225518,47.899589],[88.224955,47.900042],[88.224388,47.900493],[88.223814,47.90094],[88.223236,47.901384],[88.222651,47.901825],[88.222062,47.902263],[88.221467,47.902697],[88.220867,47.903128],[88.220262,47.903556],[88.219651,47.903981],[88.219036,47.904402],[88.218415,47.90482],[88.217789,47.905234],[88.217158,47.905645],[88.216523,47.906053],[88.215882,47.906457],[88.215236,47.906857],[88.214586,47.907254],[88.213931,47.907647],[88.21327,47.908037],[88.212606,47.908423],[88.211936,47.908806],[88.211262,47.909185],[88.210583,47.90956],[88.2099,47.909931],[88.209213,47.910299],[88.20852,47.910662],[88.207824,47.911023],[88.207123,47.911379],[88.206418,47.911731],[88.205708,47.91208],[88.204994,47.912424],[88.204276,47.912765],[88.203554,47.913102],[88.202828,47.913434],[88.202098,47.913763],[88.201364,47.914088],[88.200626,47.914409],[88.199884,47.914725],[88.199138,47.915038],[88.198389,47.915347],[88.197636,47.915651],[88.196879,47.915951],[88.196118,47.916248],[88.195354,47.91654],[88.194586,47.916827],[88.193815,47.917111],[88.19304,47.91739],[88.192262,47.917665],[88.191481,47.917936],[88.190697,47.918203],[88.189909,47.918465],[88.189118,47.918723],[88.188324,47.918977],[88.187527,47.919226],[88.186727,47.919471],[88.185923,47.919711],[88.185117,47.919947],[88.184309,47.920179],[88.183497,47.920406],[88.182683,47.920629],[88.181866,47.920847],[88.181046,47.921061],[88.180224,47.921271],[88.179399,47.921476],[88.178572,47.921676],[88.177742,47.921872],[88.17691,47.922063],[88.176075,47.92225],[88.175239,47.922432],[88.1744,47.92261],[88.173559,47.922783],[88.172716,47.922951],[88.171871,47.923115],[88.171024,47.923274],[88.170175,47.923428],[88.169325,47.923578],[88.168472,47.923723],[88.167618,47.923864],[88.166762,47.924],[88.165904,47.924131],[88.165045,47.924257],[88.164185,47.924379],[88.163323,47.924496],[88.162459,47.924609],[88.161594,47.924716],[88.160728,47.924819],[88.159861,47.924917],[88.158992,47.925011],[88.158123,47.925099],[88.157252,47.925183],[88.15638,47.925262],[88.155508,47.925337],[88.154634,47.925406],[88.15376,47.925471],[88.152885,47.925531],[88.152009,47.925586],[88.151133,47.925637],[88.150256,47.925682],[88.149378,47.925723],[88.1485,47.925759],[88.147622,47.92579],[88.146743,47.925817],[88.145864,47.925839],[88.144985,47.925855],[88.144105,47.925867],[88.143226,47.925875],[88.142346,47.925877]]]},"properties":{"name":"阿勒泰市","time":"2018.01.08 00:00-2020.01.08 24:00"}}]}